﻿<?xml version="1.0" encoding="utf-8"?>
<deployment>
  <id>c60e42a4-a909-4591-bcc4-faafe159bcd6</id>
  <author>N/A</author>
  <deployer>Push-Deployer</deployer>
  <authorEmail>N/A</authorEmail>
  <message>Created via a push deployment</message>
  <progress></progress>
  <status>Success</status>
  <statusText></statusText>
  <lastSuccessEndTime>2025-12-29T02:52:22.710853Z</lastSuccessEndTime>
  <receivedTime>2025-12-29T02:50:32.282097Z</receivedTime>
  <startTime>2025-12-29T02:50:34.3761708Z</startTime>
  <endTime>2025-12-29T02:52:22.710853Z</endTime>
  <complete>True</complete>
  <is_temp>False</is_temp>
  <is_readonly>True</is_readonly>
  <buildSummary />
</deployment>