﻿<?xml version="1.0" encoding="utf-8"?>
<deployment>
  <id>a3836430-ae6b-4dfd-bbc6-38cc231a03e1</id>
  <author>N/A</author>
  <deployer>Push-Deployer</deployer>
  <authorEmail>N/A</authorEmail>
  <message>Created via a push deployment</message>
  <progress></progress>
  <status>Success</status>
  <statusText></statusText>
  <lastSuccessEndTime>2025-12-21T18:22:36.5258229Z</lastSuccessEndTime>
  <receivedTime>2025-12-21T18:21:11.0531801Z</receivedTime>
  <startTime>2025-12-21T18:21:12.4625265Z</startTime>
  <endTime>2025-12-21T18:22:36.5258229Z</endTime>
  <complete>True</complete>
  <is_temp>False</is_temp>
  <is_readonly>True</is_readonly>
  <buildSummary />
</deployment>