﻿<?xml version="1.0" encoding="utf-8"?>
<deployment>
  <id>98f36dd2-1018-4470-b830-52d302a5c3f7</id>
  <author>N/A</author>
  <deployer>Push-Deployer</deployer>
  <authorEmail>N/A</authorEmail>
  <message>Created via a push deployment</message>
  <progress></progress>
  <status>Success</status>
  <statusText></statusText>
  <lastSuccessEndTime>2025-12-21T19:19:17.682104Z</lastSuccessEndTime>
  <receivedTime>2025-12-21T19:18:01.1344785Z</receivedTime>
  <startTime>2025-12-21T19:18:02.511768Z</startTime>
  <endTime>2025-12-21T19:19:17.682104Z</endTime>
  <complete>True</complete>
  <is_temp>False</is_temp>
  <is_readonly>True</is_readonly>
  <buildSummary />
</deployment>