﻿<?xml version="1.0" encoding="utf-8"?>
<deployment>
  <id>094a4e18-7ad6-4718-b765-635d60819fba</id>
  <author>N/A</author>
  <deployer>Push-Deployer</deployer>
  <authorEmail>N/A</authorEmail>
  <message>Created via a push deployment</message>
  <progress></progress>
  <status>Success</status>
  <statusText></statusText>
  <lastSuccessEndTime>2025-12-29T03:42:28.5632197Z</lastSuccessEndTime>
  <receivedTime>2025-12-29T03:40:30.1808546Z</receivedTime>
  <startTime>2025-12-29T03:40:31.7861395Z</startTime>
  <endTime>2025-12-29T03:42:28.5632197Z</endTime>
  <complete>True</complete>
  <is_temp>False</is_temp>
  <is_readonly>True</is_readonly>
  <buildSummary />
</deployment>