﻿<?xml version="1.0" encoding="utf-8"?>
<deployment>
  <id>8711002d-d9e8-498a-beab-d25a419b2cad</id>
  <author>N/A</author>
  <deployer>Push-Deployer</deployer>
  <authorEmail>N/A</authorEmail>
  <message>Created via a push deployment</message>
  <progress></progress>
  <status>Success</status>
  <statusText></statusText>
  <lastSuccessEndTime>2025-12-27T23:29:26.9183925Z</lastSuccessEndTime>
  <receivedTime>2025-12-27T23:28:13.9558167Z</receivedTime>
  <startTime>2025-12-27T23:28:15.2550115Z</startTime>
  <endTime>2025-12-27T23:29:26.9183925Z</endTime>
  <complete>True</complete>
  <is_temp>False</is_temp>
  <is_readonly>True</is_readonly>
  <buildSummary />
</deployment>