﻿<?xml version="1.0" encoding="utf-8"?>
<deployment>
  <id>ffb8579e-3c52-4cde-a5ce-ec5ac876050a</id>
  <author>N/A</author>
  <deployer>Push-Deployer</deployer>
  <authorEmail>N/A</authorEmail>
  <message>Created via a push deployment</message>
  <progress></progress>
  <status>Success</status>
  <statusText></statusText>
  <lastSuccessEndTime>2025-12-27T23:09:08.898263Z</lastSuccessEndTime>
  <receivedTime>2025-12-27T23:07:49.2138875Z</receivedTime>
  <startTime>2025-12-27T23:07:50.574768Z</startTime>
  <endTime>2025-12-27T23:09:08.898263Z</endTime>
  <complete>True</complete>
  <is_temp>False</is_temp>
  <is_readonly>True</is_readonly>
  <buildSummary />
</deployment>