<step title="BackgroundTrace" date="2025-11-24T11:11:01.541" instance="7d84ad" url="/api/zipdeploy" method="POST" >
  <step title="Creating temporary deployment - FetchDeploymentManager" date="2025-11-24T11:11:01.576" /><!-- duration: 1ms -->
  <step title="Creating temporary deployment" date="2025-11-24T11:11:01.580" /><!-- duration: 55ms -->
  <step title="Performing fetch based deployment" date="2025-11-24T11:11:01.730" >
    <step title="Cleaning up temp folders from previous zip deployments and extracting pushed zip file /tmp/zipdeploy/f908e245-13e4-41ca-8b06-fa4cac4d40a9.zip (0.03 MB) to /tmp/zipdeploy/extracted" date="2025-11-24T11:11:02.851" >
      <step title="ChmodRecursive Process exited with total time taken in ms: 61" date="2025-11-24T11:11:02.987" /><!-- duration: 9ms -->
    </step><!-- duration: 148ms -->
    <step title="Deployment timer started" date="2025-11-24T11:11:05.008" >
      <step title="DeploymentManager.Deploy(id:8844cf60-a33d-4e23-9fe7-363514a5ae14)" date="2025-11-24T11:11:05.013" >
        <step title="Collecting changeset information" date="2025-11-24T11:11:05.042" /><!-- duration: 103ms -->
        <step title="Updating submodules" date="2025-11-24T11:11:05.149" /><!-- duration: 1125ms -->
        <step title="Determining deployment builder" date="2025-11-24T11:11:06.456" >
          <step title="Builder is OryxBuilder" date="2025-11-24T11:11:06.480" /><!-- duration: 2ms -->
        </step><!-- duration: 29ms -->
        <step title="PreDeployment: context.CleanOutputPath False" date="2025-11-24T11:11:06.539" >
          <step title="PreDeployment: context.OutputPath /home/site/wwwroot" date="2025-11-24T11:11:06.643" >
            <step title="Building" date="2025-11-24T11:11:06.780" >
              <step title="Executing external process" date="2025-11-24T11:11:07.098" type="process" path="bash" arguments="-c &quot;oryx build /tmp/zipdeploy/extracted -o /home/site/wwwroot --platform python --platform-version 3.11 -p virtualenv_name=antenv --log-file /tmp/build-debug.log  -i /tmp/8de2b4a29f8928a --compress-destination-dir | tee /tmp/oryx-build.log ; exit $PIPESTATUS &quot;" /><!-- duration: 42027ms -->
              <step title="Using PythonDeploymentLogParser" date="2025-11-24T11:11:49.469" /><!-- duration: 12ms -->
              <step title="Triggering recycle (preview mode disabled)." date="2025-11-24T11:11:50.662" /><!-- duration: 10ms -->
              <step title="Modified file to trigger a restart of the app container." date="2025-11-24T11:11:50.697" /><!-- duration: 2ms -->
              <step title="Skip function trigger and logicapp sync because function is not enabled." date="2025-11-24T11:11:50.701" /><!-- duration: 3ms -->
              <step title="Purge deployment items" date="2025-11-24T11:11:51.760" >
                <step title="Remove 4be81e90-, Success, received at 11/22/2025 18:50:40" date="2025-11-24T11:11:51.815" /><!-- duration: 2ms -->
              </step><!-- duration: 60ms -->
            </step><!-- duration: 45111ms -->
          </step><!-- duration: 45251ms -->
          <step title="Cleaning up temp files" date="2025-11-24T11:11:51.895" /><!-- duration: 251ms -->
          <step title="Cleaning up temp files" date="2025-11-24T11:11:52.157" /><!-- duration: 507ms -->
          <step title="Reloading status file with latest updates" date="2025-11-24T11:11:52.702" >
            <step title="WebHooksManager.PublishEventAsync: PostDeployment" date="2025-11-24T11:11:52.705" /><!-- duration: 45ms -->
          </step><!-- duration: 49ms -->
          <step title="Cleaning up temporary deployment - fetch deployment was successful" date="2025-11-24T11:11:52.754" /><!-- duration: 2ms -->
        </step><!-- duration: 46275ms -->
      </step><!-- duration: 47813ms -->
