<step title="BackgroundTrace" date="2025-11-24T10:41:02.033" instance="7d84ad" url="/api/zipdeploy" method="POST" >
  <step title="Creating temporary deployment - FetchDeploymentManager" date="2025-11-24T10:41:02.094" /><!-- duration: 1ms -->
  <step title="Creating temporary deployment" date="2025-11-24T10:41:02.106" /><!-- duration: 57ms -->
  <step title="Performing fetch based deployment" date="2025-11-24T10:41:02.217" >
    <step title="Cleaning up temp folders from previous zip deployments and extracting pushed zip file /tmp/zipdeploy/3248f1ec-26c8-4246-be69-63ebc7b9e3d1.zip (0.03 MB) to /tmp/zipdeploy/extracted" date="2025-11-24T10:41:03.338" >
      <step title="ChmodRecursive Process exited with total time taken in ms: 69" date="2025-11-24T10:41:03.468" /><!-- duration: 30ms -->
    </step><!-- duration: 168ms -->
    <step title="Deployment timer started" date="2025-11-24T10:41:05.527" >
      <step title="DeploymentManager.Deploy(id:a8f3ec41-29dd-436d-9209-836c9ef888c6)" date="2025-11-24T10:41:05.531" >
        <step title="Collecting changeset information" date="2025-11-24T10:41:05.539" /><!-- duration: 109ms -->
        <step title="Updating submodules" date="2025-11-24T10:41:05.651" /><!-- duration: 1121ms -->
        <step title="Determining deployment builder" date="2025-11-24T10:41:06.955" >
          <step title="Builder is OryxBuilder" date="2025-11-24T10:41:06.969" /><!-- duration: 1ms -->
        </step><!-- duration: 24ms -->
        <step title="PreDeployment: context.CleanOutputPath False" date="2025-11-24T10:41:07.040" >
          <step title="PreDeployment: context.OutputPath /home/site/wwwroot" date="2025-11-24T10:41:07.139" >
            <step title="Building" date="2025-11-24T10:41:07.316" >
              <step title="Executing external process" date="2025-11-24T10:41:07.585" type="process" path="bash" arguments="-c &quot;oryx build /tmp/zipdeploy/extracted -o /home/site/wwwroot --platform python --platform-version 3.11 -p virtualenv_name=antenv --log-file /tmp/build-debug.log  -i /tmp/8de2b45f961ec21 --compress-destination-dir | tee /tmp/oryx-build.log ; exit $PIPESTATUS &quot;" /><!-- duration: 41786ms -->
              <step title="Using PythonDeploymentLogParser" date="2025-11-24T10:41:49.693" /><!-- duration: 12ms -->
              <step title="Triggering recycle (preview mode disabled)." date="2025-11-24T10:41:50.748" /><!-- duration: 7ms -->
              <step title="Modified file to trigger a restart of the app container." date="2025-11-24T10:41:50.796" /><!-- duration: 2ms -->
              <step title="Skip function trigger and logicapp sync because function is not enabled." date="2025-11-24T10:41:50.800" /><!-- duration: 3ms -->
              <step title="Purge deployment items" date="2025-11-24T10:41:52.009" >
                <step title="Remove 95649e56-, Success, received at 11/22/2025 18:25:26" date="2025-11-24T10:41:52.085" /><!-- duration: 2ms -->
              </step><!-- duration: 80ms -->
            </step><!-- duration: 44848ms -->
          </step><!-- duration: 45029ms -->
          <step title="Cleaning up temp files" date="2025-11-24T10:41:52.170" /><!-- duration: 350ms -->
          <step title="Cleaning up temp files" date="2025-11-24T10:41:52.522" /><!-- duration: 517ms -->
          <step title="Reloading status file with latest updates" date="2025-11-24T10:41:53.067" >
            <step title="WebHooksManager.PublishEventAsync: PostDeployment" date="2025-11-24T10:41:53.069" /><!-- duration: 41ms -->
          </step><!-- duration: 46ms -->
          <step title="Cleaning up temporary deployment - fetch deployment was successful" date="2025-11-24T10:41:53.116" /><!-- duration: 2ms -->
        </step><!-- duration: 46150ms -->
      </step><!-- duration: 47686ms -->
