<step title="BackgroundTrace" date="2025-11-24T11:17:50.523" instance="7d84ad" url="/api/zipdeploy" method="POST" >
  <step title="Creating temporary deployment - FetchDeploymentManager" date="2025-11-24T11:17:50.560" /><!-- duration: 1ms -->
  <step title="Creating temporary deployment" date="2025-11-24T11:17:50.564" /><!-- duration: 49ms -->
  <step title="Performing fetch based deployment" date="2025-11-24T11:17:50.629" >
    <step title="Cleaning up temp folders from previous zip deployments and extracting pushed zip file /tmp/zipdeploy/a6cc1a3d-c35c-457a-b74b-fb624cdfff10.zip (0.03 MB) to /tmp/zipdeploy/extracted" date="2025-11-24T11:17:51.826" >
      <step title="ChmodRecursive Process exited with total time taken in ms: 149" date="2025-11-24T11:17:52.046" /><!-- duration: 18ms -->
    </step><!-- duration: 241ms -->
    <step title="Deployment timer started" date="2025-11-24T11:17:54.104" >
      <step title="DeploymentManager.Deploy(id:83599e2a-1707-4208-8306-b6017766d04c)" date="2025-11-24T11:17:54.108" >
        <step title="Collecting changeset information" date="2025-11-24T11:17:54.130" /><!-- duration: 114ms -->
        <step title="Updating submodules" date="2025-11-24T11:17:54.248" /><!-- duration: 1124ms -->
        <step title="Determining deployment builder" date="2025-11-24T11:17:55.590" >
          <step title="Builder is OryxBuilder" date="2025-11-24T11:17:55.603" /><!-- duration: 2ms -->
        </step><!-- duration: 17ms -->
        <step title="PreDeployment: context.CleanOutputPath False" date="2025-11-24T11:17:55.670" >
          <step title="PreDeployment: context.OutputPath /home/site/wwwroot" date="2025-11-24T11:17:55.807" >
            <step title="Building" date="2025-11-24T11:17:55.972" >
              <step title="Executing external process" date="2025-11-24T11:17:56.295" type="process" path="bash" arguments="-c &quot;oryx build /tmp/zipdeploy/extracted -o /home/site/wwwroot --platform python --platform-version 3.11 -p virtualenv_name=antenv --log-file /tmp/build-debug.log  -i /tmp/8de2b4b1dd3ea94 --compress-destination-dir | tee /tmp/oryx-build.log ; exit $PIPESTATUS &quot;" /><!-- duration: 47464ms -->
              <step title="Using PythonDeploymentLogParser" date="2025-11-24T11:18:44.136" /><!-- duration: 10ms -->
              <step title="Triggering recycle (preview mode disabled)." date="2025-11-24T11:18:45.117" /><!-- duration: 10ms -->
              <step title="Modified file to trigger a restart of the app container." date="2025-11-24T11:18:45.162" /><!-- duration: 2ms -->
              <step title="Skip function trigger and logicapp sync because function is not enabled." date="2025-11-24T11:18:45.166" /><!-- duration: 14ms -->
              <step title="Purge deployment items" date="2025-11-24T11:18:46.185" >
                <step title="Remove 685c80c5-, Success, received at 11/22/2025 18:59:56" date="2025-11-24T11:18:46.245" /><!-- duration: 2ms -->
              </step><!-- duration: 63ms -->
            </step><!-- duration: 50339ms -->
          </step><!-- duration: 50506ms -->
          <step title="Cleaning up temp files" date="2025-11-24T11:18:46.315" /><!-- duration: 279ms -->
          <step title="Cleaning up temp files" date="2025-11-24T11:18:46.596" /><!-- duration: 507ms -->
          <step title="Reloading status file with latest updates" date="2025-11-24T11:18:47.141" >
            <step title="WebHooksManager.PublishEventAsync: PostDeployment" date="2025-11-24T11:18:47.144" /><!-- duration: 48ms -->
          </step><!-- duration: 59ms -->
          <step title="Cleaning up temporary deployment - fetch deployment was successful" date="2025-11-24T11:18:47.207" /><!-- duration: 2ms -->
        </step><!-- duration: 51596ms -->
      </step><!-- duration: 53169ms -->
