<step title="Incoming Request" date="2025-11-24T18:16:20.308" instance="7d84ad" url="/api/deployments/latest" method="GET" type="request" pid="768,1,38" Accept="*/*" Host="quotrading-flask-api.scm.azurewebsites.net" User-Agent="AZURECLI/2.80.0 (MSI)" Accept-Encoding="gzip, deflate" Authorization="Bea..." x-ms-client-request-id="a078ec59-c961-11f0-a79b-50bbb5629ee1" X-ARR-LOG-ID="a078ec59-c961-11f0-a79b-50bbb5629ee1" CLIENT-IP="69.120.241.138:51184" X-SITE-DEPLOYMENT-ID="quotrading-flask-api" WAS-DEFAULT-HOSTNAME="quotrading-flask-api.scm.azurewebsites.net" X-Forwarded-Proto="https" X-AppService-Proto="https" X-Forwarded-TlsVersion="1.3" X-WAWS-Unencoded-URL="/api/deployments/latest" X-Client-IP="69.120.241.138" X-Client-Port="51184" >
  <step title="Cleanup Xml Logs" date="2025-11-24T18:16:20.309" >
    <step title="Cleanup Infos" date="2025-11-24T18:16:20.429" totalFiles="354" totalCleanup="194" /><!-- duration: 39ms -->
  </step><!-- duration: 179ms -->
  <step title="DeploymentService.GetResult" date="2025-11-24T18:16:20.519" >
    <step title="DeploymentService.GetLatestDeployment" date="2025-11-24T18:16:20.528" >
      <step title="DeploymentManager.GetResults" date="2025-11-24T18:16:20.544" /><!-- duration: 1244ms -->
    </step><!-- duration: 1267ms -->
  </step><!-- duration: 1282ms -->
  <step title="Outgoing response" date="2025-11-24T18:16:21.817" type="response" statusCode="202" statusText="Accepted" /><!-- duration: 4ms -->
</step><!-- duration: 1520ms -->
