<step title="Incoming Request" date="2025-11-22T19:04:49.840" instance="7d84ad" url="/api/zipdeploy?isAsync=true" method="POST" type="request" pid="768,1,45" Accept="*/*" Host="quotrading-flask-api.scm.azurewebsites.net" User-Agent="AZURECLI/2.79.0 (MSI)" Accept-Encoding="gzip, deflate" Authorization="Bea..." Cache-Control="no-cache" Content-Type="application/octet-stream" Content-Length="69763" x-ms-client-request-id="151f8be8-c7d6-11f0-969b-50bbb5629ee1" x-ms-artifact-checksum="c1cc7f8ad1a7a460dc96ac461bd13a2f841d0a72c4fe34090c4f36568fd33470" X-ARR-LOG-ID="151f8be8-c7d6-11f0-969b-50bbb5629ee1" CLIENT-IP="69.120.241.138:51441" X-SITE-DEPLOYMENT-ID="quotrading-flask-api" WAS-DEFAULT-HOSTNAME="quotrading-flask-api.scm.azurewebsites.net" X-Forwarded-Proto="https" X-AppService-Proto="https" X-Forwarded-TlsVersion="1.3" X-WAWS-Unencoded-URL="/api/zipdeploy?isAsync=true" X-Client-IP="69.120.241.138" X-Client-Port="51441" >
  <step title="Cleanup Xml Logs" date="2025-11-22T19:04:49.850" /><!-- duration: 30ms -->
  <step title="ZipPushDeploy" date="2025-11-22T19:04:49.892" >
    <step title="ZipDeploy. Extract zip. Remote build." date="2025-11-22T19:04:49.897" /><!-- duration: 2ms -->
    <step title="Starting PushDeployAsync" date="2025-11-22T19:04:49.902" /><!-- duration: 2ms -->
    <step title="Writing artifact to /tmp/zipdeploy/4a7e56d9-d2f8-42c9-ba75-d45d27a1e4de.zip" date="2025-11-22T19:04:49.911" >
      <step title="Writing multipart request body to /tmp/zipdeploy/4a7e56d9-d2f8-42c9-ba75-d45d27a1e4de.zip" date="2025-11-22T19:04:49.913" /><!-- duration: 6ms -->
    </step><!-- duration: 48ms -->
    <step title="Removing previous build artifact&apos;s manifest file" date="2025-11-22T19:04:49.979" >
      <step title="Start deployment in the background" date="2025-11-22T19:04:50.010" >
        <step title="Acquiring Deployment Lock" date="2025-11-22T19:04:50.029" /><!-- duration: 2ms -->
        <step title="Acquired Deployment Lock" date="2025-11-22T19:04:50.051" /><!-- duration: 2ms -->
      </step><!-- duration: 105ms -->
    </step><!-- duration: 140ms -->
    <step title="Outgoing response" date="2025-11-22T19:04:50.126" type="response" statusCode="202" statusText="Accepted" /><!-- duration: 2ms -->
  </step><!-- duration: 238ms -->
