<step title="Incoming Request" date="2025-11-24T18:45:54.065" instance="7d84ad" url="/api/zipdeploy?isAsync=true" method="POST" type="request" pid="768,1,17" Accept="*/*" Host="quotrading-flask-api.scm.azurewebsites.net" User-Agent="AZURECLI/2.80.0 (MSI)" Accept-Encoding="gzip, deflate" Authorization="Bea..." Cache-Control="no-cache" Content-Type="application/octet-stream" Content-Length="32079" x-ms-client-request-id="c7a18f14-c965-11f0-9a4d-50bbb5629ee1" x-ms-artifact-checksum="27ff28148094148db8056e9aff6c84b2c921ce22c33057fdad47788e7adaa1eb" X-ARR-LOG-ID="c7a18f14-c965-11f0-9a4d-50bbb5629ee1" CLIENT-IP="69.120.241.138:65315" X-SITE-DEPLOYMENT-ID="quotrading-flask-api" WAS-DEFAULT-HOSTNAME="quotrading-flask-api.scm.azurewebsites.net" X-Forwarded-Proto="https" X-AppService-Proto="https" X-Forwarded-TlsVersion="1.3" X-WAWS-Unencoded-URL="/api/zipdeploy?isAsync=true" X-Client-IP="69.120.241.138" X-Client-Port="65315" >
  <step title="Cleanup Xml Logs" date="2025-11-24T18:45:54.070" >
    <step title="Cleanup Infos" date="2025-11-24T18:45:54.084" totalFiles="372" totalCleanup="212" /><!-- duration: 4ms -->
  </step><!-- duration: 20ms -->
  <step title="ZipPushDeploy" date="2025-11-24T18:45:54.099" >
    <step title="ZipDeploy. Extract zip. Remote build." date="2025-11-24T18:45:54.104" /><!-- duration: 2ms -->
    <step title="Starting PushDeployAsync" date="2025-11-24T18:45:54.109" /><!-- duration: 2ms -->
    <step title="Writing artifact to /tmp/zipdeploy/eabce796-15ac-4204-89d2-69c9aba0f457.zip" date="2025-11-24T18:45:54.120" >
      <step title="Writing multipart request body to /tmp/zipdeploy/eabce796-15ac-4204-89d2-69c9aba0f457.zip" date="2025-11-24T18:45:54.122" /><!-- duration: 2ms -->
    </step><!-- duration: 30ms -->
    <step title="Removing previous build artifact&apos;s manifest file" date="2025-11-24T18:45:54.153" >
      <step title="Start deployment in the background" date="2025-11-24T18:45:54.161" >
        <step title="Acquiring Deployment Lock" date="2025-11-24T18:45:54.181" /><!-- duration: 2ms -->
        <step title="Acquired Deployment Lock" date="2025-11-24T18:45:54.203" /><!-- duration: 2ms -->
      </step><!-- duration: 111ms -->
    </step><!-- duration: 124ms -->
    <step title="Outgoing response" date="2025-11-24T18:45:54.279" type="response" statusCode="202" statusText="Accepted" /><!-- duration: 2ms -->
  </step><!-- duration: 183ms -->
