<step title="Incoming Request" date="2025-11-24T17:44:18.545" instance="7d84ad" url="/api/deployments/latest" method="GET" type="request" pid="768,1,17" Accept="*/*" Host="quotrading-flask-api.scm.azurewebsites.net" User-Agent="AZURECLI/2.80.0 (MSI)" Accept-Encoding="gzip, deflate" Authorization="Bea..." x-ms-client-request-id="0866a1ef-c95d-11f0-9d41-50bbb5629ee1" X-ARR-LOG-ID="0866a1ef-c95d-11f0-9d41-50bbb5629ee1" CLIENT-IP="69.120.241.138:63301" X-SITE-DEPLOYMENT-ID="quotrading-flask-api" WAS-DEFAULT-HOSTNAME="quotrading-flask-api.scm.azurewebsites.net" X-Forwarded-Proto="https" X-AppService-Proto="https" X-Forwarded-TlsVersion="1.3" X-WAWS-Unencoded-URL="/api/deployments/latest" X-Client-IP="69.120.241.138" X-Client-Port="63301" >
  <step title="Cleanup Xml Logs" date="2025-11-24T17:44:18.546" >
    <step title="Cleanup Infos" date="2025-11-24T17:44:18.552" totalFiles="312" totalCleanup="152" /><!-- duration: 3ms -->
  </step><!-- duration: 10ms -->
  <step title="DeploymentService.GetResult" date="2025-11-24T17:44:18.597" >
    <step title="DeploymentService.GetLatestDeployment" date="2025-11-24T17:44:18.599" >
      <step title="DeploymentManager.GetResults" date="2025-11-24T17:44:18.605" /><!-- duration: 663ms -->
    </step><!-- duration: 678ms -->
  </step><!-- duration: 688ms -->
  <step title="Outgoing response" date="2025-11-24T17:44:19.397" type="response" statusCode="202" statusText="Accepted" /><!-- duration: 19ms -->
</step><!-- duration: 873ms -->
