<step title="BackgroundTrace" date="2025-11-22T06:46:49.518" instance="7d84ad" url="/api/zipdeploy" method="POST" >
  <step title="Creating temporary deployment - FetchDeploymentManager" date="2025-11-22T06:46:49.619" /><!-- duration: 2ms -->
  <step title="Creating temporary deployment" date="2025-11-22T06:46:49.623" /><!-- duration: 45ms -->
  <step title="Performing fetch based deployment" date="2025-11-22T06:46:49.745" >
    <step title="Cleaning up temp folders from previous zip deployments and extracting pushed zip file /tmp/zipdeploy/15e456e8-023b-4f5a-8847-d4eed598f05f.zip (0.00 MB) to /tmp/zipdeploy/extracted" date="2025-11-22T06:46:50.894" >
      <step title="ChmodRecursive Process exited with total time taken in ms: 50" date="2025-11-22T06:46:51.017" /><!-- duration: 18ms -->
    </step><!-- duration: 143ms -->
    <step title="Deployment timer started" date="2025-11-22T06:46:53.062" >
      <step title="DeploymentManager.Deploy(id:606608c8-7ca4-4398-8715-23a8e1bbf6b6)" date="2025-11-22T06:46:53.071" >
        <step title="Collecting changeset information" date="2025-11-22T06:46:53.110" /><!-- duration: 82ms -->
        <step title="Updating submodules" date="2025-11-22T06:46:53.196" /><!-- duration: 1103ms -->
        <step title="Determining deployment builder" date="2025-11-22T06:46:54.589" >
          <step title="Builder is OryxBuilder" date="2025-11-22T06:46:54.612" /><!-- duration: 2ms -->
        </step><!-- duration: 27ms -->
        <step title="PreDeployment: context.CleanOutputPath False" date="2025-11-22T06:46:54.665" >
          <step title="PreDeployment: context.OutputPath /home/site/wwwroot" date="2025-11-22T06:46:54.832" >
            <step title="Building" date="2025-11-22T06:46:54.965" >
              <step title="Executing external process" date="2025-11-22T06:46:55.432" type="process" path="bash" arguments="-c &quot;oryx build /tmp/zipdeploy/extracted -o /home/site/wwwroot --platform python --platform-version 3.11 -p virtualenv_name=antenv --log-file /tmp/build-debug.log  -i /tmp/8de2992ecb20f39 --compress-destination-dir | tee /tmp/oryx-build.log ; exit $PIPESTATUS &quot;" /><!-- duration: 130634ms -->
              <step title="Using PythonDeploymentLogParser" date="2025-11-22T06:49:06.552" /><!-- duration: 2ms -->
              <step title="Triggering recycle (preview mode disabled)." date="2025-11-22T06:49:07.197" /><!-- duration: 20ms -->
              <step title="Modified file to trigger a restart of the app container." date="2025-11-22T06:49:07.286" /><!-- duration: 10ms -->
              <step title="Skip function trigger and logicapp sync because function is not enabled." date="2025-11-22T06:49:07.308" /><!-- duration: 11ms -->
              <step title="Purge deployment items" date="2025-11-22T06:49:08.144" >
                <step title="Remove temp-532f, Failed, received at 11/22/2025 06:46:49" date="2025-11-22T06:49:08.216" /><!-- duration: 3ms -->
              </step><!-- duration: 78ms -->
            </step><!-- duration: 133321ms -->
          </step><!-- duration: 133456ms -->
          <step title="Cleaning up temp files" date="2025-11-22T06:49:08.290" /><!-- duration: 376ms -->
          <step title="Cleaning up temp files" date="2025-11-22T06:49:08.668" /><!-- duration: 508ms -->
          <step title="Reloading status file with latest updates" date="2025-11-22T06:49:09.197" >
            <step title="WebHooksManager.PublishEventAsync: PostDeployment" date="2025-11-22T06:49:09.200" /><!-- duration: 95ms -->
          </step><!-- duration: 101ms -->
          <step title="Cleaning up temporary deployment - fetch deployment was successful" date="2025-11-22T06:49:09.300" /><!-- duration: 1ms -->
        </step><!-- duration: 134668ms -->
      </step><!-- duration: 136270ms -->
