<step title="Incoming Request" date="2025-11-24T17:50:27.140" instance="7d84ad" url="/api/zipdeploy?isAsync=true" method="POST" type="request" pid="768,1,27" Accept="*/*" Host="quotrading-flask-api.scm.azurewebsites.net" User-Agent="AZURECLI/2.80.0 (MSI)" Accept-Encoding="gzip, deflate" Authorization="Bea..." Cache-Control="no-cache" Content-Type="application/octet-stream" Content-Length="31017" x-ms-client-request-id="075b4d19-c95e-11f0-9d42-50bbb5629ee1" x-ms-artifact-checksum="014c6aa3e58962b81b67c2e270e58b13d19b599bcf9a01b73685c3d3a8ee59d8" X-ARR-LOG-ID="075b4d19-c95e-11f0-9d42-50bbb5629ee1" CLIENT-IP="69.120.241.138:61801" X-SITE-DEPLOYMENT-ID="quotrading-flask-api" WAS-DEFAULT-HOSTNAME="quotrading-flask-api.scm.azurewebsites.net" X-Forwarded-Proto="https" X-AppService-Proto="https" X-Forwarded-TlsVersion="1.3" X-WAWS-Unencoded-URL="/api/zipdeploy?isAsync=true" X-Client-IP="69.120.241.138" X-Client-Port="61801" >
  <step title="Cleanup Xml Logs" date="2025-11-24T17:50:27.142" >
    <step title="Cleanup Infos" date="2025-11-24T17:50:27.149" totalFiles="321" totalCleanup="161" /><!-- duration: 5ms -->
  </step><!-- duration: 15ms -->
  <step title="ZipPushDeploy" date="2025-11-24T17:50:27.207" >
    <step title="ZipDeploy. Extract zip. Remote build." date="2025-11-24T17:50:27.234" /><!-- duration: 2ms -->
    <step title="Starting PushDeployAsync" date="2025-11-24T17:50:27.238" /><!-- duration: 5ms -->
    <step title="Writing artifact to /tmp/zipdeploy/1e0406ab-9d6f-4a5f-9361-799d6147d2d1.zip" date="2025-11-24T17:50:27.272" >
      <step title="Writing multipart request body to /tmp/zipdeploy/1e0406ab-9d6f-4a5f-9361-799d6147d2d1.zip" date="2025-11-24T17:50:27.275" /><!-- duration: 8ms -->
    </step><!-- duration: 41ms -->
    <step title="Removing previous build artifact&apos;s manifest file" date="2025-11-24T17:50:27.316" >
      <step title="Start deployment in the background" date="2025-11-24T17:50:27.325" >
        <step title="Acquiring Deployment Lock" date="2025-11-24T17:50:27.347" /><!-- duration: 2ms -->
        <step title="Acquired Deployment Lock" date="2025-11-24T17:50:27.404" /><!-- duration: 2ms -->
      </step><!-- duration: 133ms -->
    </step><!-- duration: 146ms -->
    <step title="Outgoing response" date="2025-11-24T17:50:27.465" type="response" statusCode="202" statusText="Accepted" /><!-- duration: 2ms -->
  </step><!-- duration: 261ms -->
