<step title="Incoming Request" date="2025-11-24T21:00:36.060" instance="c4a671" url="/api/deployments/latest" method="GET" type="request" pid="768,1,26" Accept="*/*" Host="quotrading-flask-api.scm.azurewebsites.net" User-Agent="AZURECLI/2.80.0 (MSI)" Accept-Encoding="gzip, deflate" Authorization="Bea..." x-ms-client-request-id="93ff1ce0-c978-11f0-b544-50bbb5629ee1" X-ARR-LOG-ID="93ff1ce0-c978-11f0-b544-50bbb5629ee1" CLIENT-IP="69.120.241.138:50777" X-SITE-DEPLOYMENT-ID="quotrading-flask-api" WAS-DEFAULT-HOSTNAME="quotrading-flask-api.scm.azurewebsites.net" X-Forwarded-Proto="https" X-AppService-Proto="https" X-Forwarded-TlsVersion="1.3" X-WAWS-Unencoded-URL="/api/deployments/latest" X-Client-IP="69.120.241.138" X-Client-Port="50777" >
  <step title="Cleanup Xml Logs" date="2025-11-24T21:00:36.063" >
    <step title="Cleanup Infos" date="2025-11-24T21:00:36.110" totalFiles="433" totalCleanup="273" /><!-- duration: 5ms -->
  </step><!-- duration: 55ms -->
  <step title="DeploymentService.GetResult" date="2025-11-24T21:00:36.131" >
    <step title="DeploymentService.GetLatestDeployment" date="2025-11-24T21:00:36.137" >
      <step title="DeploymentManager.GetResults" date="2025-11-24T21:00:36.140" /><!-- duration: 646ms -->
    </step><!-- duration: 658ms -->
  </step><!-- duration: 667ms -->
  <step title="Outgoing response" date="2025-11-24T21:00:36.808" type="response" statusCode="202" statusText="Accepted" /><!-- duration: 8ms -->
</step><!-- duration: 766ms -->
