﻿<?xml version="1.0" encoding="utf-8"?>
<deployment>
  <id>a4ced1e5-10be-4f03-9070-0790fd88f1f3</id>
  <author>N/A</author>
  <deployer>Push-Deployer</deployer>
  <authorEmail>N/A</authorEmail>
  <message>Created via a push deployment</message>
  <progress></progress>
  <status>Success</status>
  <statusText></statusText>
  <lastSuccessEndTime>2025-12-29T02:38:23.9487617Z</lastSuccessEndTime>
  <receivedTime>2025-12-29T02:36:28.9249728Z</receivedTime>
  <startTime>2025-12-29T02:36:31.0459033Z</startTime>
  <endTime>2025-12-29T02:38:23.9487617Z</endTime>
  <complete>True</complete>
  <is_temp>False</is_temp>
  <is_readonly>True</is_readonly>
  <buildSummary />
</deployment>