﻿<?xml version="1.0" encoding="utf-8"?>
<deployment>
  <id>a57f64be-a55f-4e63-b6cb-93167e5c7425</id>
  <author>N/A</author>
  <deployer>Push-Deployer</deployer>
  <authorEmail>N/A</authorEmail>
  <message>Created via a push deployment</message>
  <progress></progress>
  <status>Failed</status>
  <statusText>Deployment has been stopped due to SCM container restart. The restart can happen due to a management operation on site. Do not perform a management operation and a deployment operation in quick succession. Adding a small delay can help avoid any conflicts.</statusText>
  <lastSuccessEndTime />
  <receivedTime>2025-12-29T03:08:26.6888021Z</receivedTime>
  <startTime>2025-12-29T03:08:28.0649721Z</startTime>
  <endTime>2025-12-29T03:12:48.4075684Z</endTime>
  <complete>True</complete>
  <is_temp>False</is_temp>
  <is_readonly>True</is_readonly>
  <buildSummary />
</deployment>