<step title="BackgroundTrace" date="2025-11-24T08:51:57.584" instance="7d84ad" url="/api/zipdeploy" method="POST" >
  <step title="Creating temporary deployment - FetchDeploymentManager" date="2025-11-24T08:51:57.651" /><!-- duration: 1ms -->
  <step title="Creating temporary deployment" date="2025-11-24T08:51:57.655" /><!-- duration: 44ms -->
  <step title="Performing fetch based deployment" date="2025-11-24T08:51:57.763" >
    <step title="Cleaning up temp folders from previous zip deployments and extracting pushed zip file /tmp/zipdeploy/eebd8ee7-9738-4e41-8483-1fd2dd75b4b2.zip (0.03 MB) to /tmp/zipdeploy/extracted" date="2025-11-24T08:51:58.927" >
      <step title="ChmodRecursive Process exited with total time taken in ms: 32" date="2025-11-24T08:51:59.054" /><!-- duration: 10ms -->
    </step><!-- duration: 147ms -->
    <step title="Deployment timer started" date="2025-11-24T08:52:01.143" >
      <step title="DeploymentManager.Deploy(id:241aa2a4-9643-4968-a6a9-f3d9340bc09f)" date="2025-11-24T08:52:01.147" >
        <step title="Collecting changeset information" date="2025-11-24T08:52:01.185" /><!-- duration: 99ms -->
        <step title="Updating submodules" date="2025-11-24T08:52:01.294" /><!-- duration: 1243ms -->
        <step title="Determining deployment builder" date="2025-11-24T08:52:02.988" >
          <step title="Builder is OryxBuilder" date="2025-11-24T08:52:03.067" /><!-- duration: 9ms -->
        </step><!-- duration: 98ms -->
        <step title="PreDeployment: context.CleanOutputPath False" date="2025-11-24T08:52:03.238" >
          <step title="PreDeployment: context.OutputPath /home/site/wwwroot" date="2025-11-24T08:52:03.736" >
            <step title="Building" date="2025-11-24T08:52:04.117" >
              <step title="Executing external process" date="2025-11-24T08:52:05.008" type="process" path="bash" arguments="-c &quot;oryx build /tmp/zipdeploy/extracted -o /home/site/wwwroot --platform python --platform-version 3.11 -p virtualenv_name=antenv --log-file /tmp/build-debug.log  -i /tmp/8de2b36bceead6d --compress-destination-dir | tee /tmp/oryx-build.log ; exit $PIPESTATUS &quot;" /><!-- duration: 79441ms -->
              <step title="Using PythonDeploymentLogParser" date="2025-11-24T08:53:24.812" /><!-- duration: 3ms -->
              <step title="Triggering recycle (preview mode disabled)." date="2025-11-24T08:53:25.836" /><!-- duration: 9ms -->
              <step title="Modified file to trigger a restart of the app container." date="2025-11-24T08:53:25.896" /><!-- duration: 4ms -->
              <step title="Skip function trigger and logicapp sync because function is not enabled." date="2025-11-24T08:53:25.906" /><!-- duration: 11ms -->
              <step title="Purge deployment items" date="2025-11-24T08:53:27.823" >
                <step title="Remove a0f2993b-, Success, received at 11/22/2025 18:10:25" date="2025-11-24T08:53:27.958" /><!-- duration: 2ms -->
              </step><!-- duration: 143ms -->
            </step><!-- duration: 83938ms -->
          </step><!-- duration: 84328ms -->
          <step title="Cleaning up temp files" date="2025-11-24T08:53:28.066" /><!-- duration: 459ms -->
          <step title="Cleaning up temp files" date="2025-11-24T08:53:28.535" /><!-- duration: 510ms -->
          <step title="Reloading status file with latest updates" date="2025-11-24T08:53:29.124" >
            <step title="WebHooksManager.PublishEventAsync: PostDeployment" date="2025-11-24T08:53:29.146" /><!-- duration: 169ms -->
          </step><!-- duration: 193ms -->
          <step title="Cleaning up temporary deployment - fetch deployment was successful" date="2025-11-24T08:53:29.328" /><!-- duration: 7ms -->
        </step><!-- duration: 86148ms -->
      </step><!-- duration: 88280ms -->
