<step title="BackgroundTrace" date="2025-11-22T08:37:51.270" instance="7d84ad" url="/api/zipdeploy" method="POST" >
  <step title="Creating temporary deployment - FetchDeploymentManager" date="2025-11-22T08:37:51.311" /><!-- duration: 2ms -->
  <step title="Creating temporary deployment" date="2025-11-22T08:37:51.320" /><!-- duration: 60ms -->
  <step title="Performing fetch based deployment" date="2025-11-22T08:37:51.405" >
    <step title="Cleaning up temp folders from previous zip deployments and extracting pushed zip file /tmp/zipdeploy/09805830-3d04-41de-a707-5781bd87080e.zip (0.01 MB) to /tmp/zipdeploy/extracted" date="2025-11-22T08:37:52.536" >
      <step title="ChmodRecursive Process exited with total time taken in ms: 60" date="2025-11-22T08:37:52.627" /><!-- duration: 11ms -->
    </step><!-- duration: 104ms -->
    <step title="Deployment timer started" date="2025-11-22T08:37:54.655" >
      <step title="DeploymentManager.Deploy(id:9445c1d4-4d98-4933-9566-5ddf0ddeaeaa)" date="2025-11-22T08:37:54.660" >
        <step title="Collecting changeset information" date="2025-11-22T08:37:54.723" /><!-- duration: 72ms -->
        <step title="Updating submodules" date="2025-11-22T08:37:54.798" /><!-- duration: 1122ms -->
        <step title="Determining deployment builder" date="2025-11-22T08:37:56.213" >
          <step title="Builder is OryxBuilder" date="2025-11-22T08:37:56.228" /><!-- duration: 2ms -->
        </step><!-- duration: 18ms -->
        <step title="PreDeployment: context.CleanOutputPath False" date="2025-11-22T08:37:56.287" >
          <step title="PreDeployment: context.OutputPath /home/site/wwwroot" date="2025-11-22T08:37:56.391" >
            <step title="Building" date="2025-11-22T08:37:56.521" >
              <step title="Executing external process" date="2025-11-22T08:37:56.791" type="process" path="bash" arguments="-c &quot;oryx build /tmp/zipdeploy/extracted -o /home/site/wwwroot --platform python --platform-version 3.11 -p virtualenv_name=antenv --log-file /tmp/build-debug.log  -i /tmp/8de29a26f552a45 --compress-destination-dir | tee /tmp/oryx-build.log ; exit $PIPESTATUS &quot;" /><!-- duration: 45332ms -->
              <step title="Using PythonDeploymentLogParser" date="2025-11-22T08:38:42.489" /><!-- duration: 9ms -->
              <step title="Triggering recycle (preview mode disabled)." date="2025-11-22T08:38:43.581" /><!-- duration: 8ms -->
              <step title="Modified file to trigger a restart of the app container." date="2025-11-22T08:38:43.624" /><!-- duration: 2ms -->
              <step title="Skip function trigger and logicapp sync because function is not enabled." date="2025-11-22T08:38:43.628" /><!-- duration: 2ms -->
              <step title="Purge deployment items" date="2025-11-22T08:38:44.704" >
                <step title="Remove be15ffe9-, Success, received at 11/22/2025 06:49:54" date="2025-11-22T08:38:44.750" /><!-- duration: 2ms -->
              </step><!-- duration: 50ms -->
            </step><!-- duration: 48303ms -->
          </step><!-- duration: 48435ms -->
          <step title="Cleaning up temp files" date="2025-11-22T08:38:44.828" /><!-- duration: 288ms -->
          <step title="Cleaning up temp files" date="2025-11-22T08:38:45.130" /><!-- duration: 504ms -->
          <step title="Reloading status file with latest updates" date="2025-11-22T08:38:45.660" >
            <step title="WebHooksManager.PublishEventAsync: PostDeployment" date="2025-11-22T08:38:45.662" /><!-- duration: 33ms -->
          </step><!-- duration: 37ms -->
          <step title="Cleaning up temporary deployment - fetch deployment was successful" date="2025-11-22T08:38:45.701" /><!-- duration: 2ms -->
        </step><!-- duration: 49546ms -->
      </step><!-- duration: 51209ms -->
