<step title="Incoming Request" date="2025-11-24T08:24:33.562" instance="7d84ad" url="/api/deployments/latest" method="GET" type="request" pid="768,1,31" Accept="*/*" Host="quotrading-flask-api.scm.azurewebsites.net" User-Agent="AZURECLI/2.80.0 (MSI)" Accept-Encoding="gzip, deflate" Authorization="Bea..." x-ms-client-request-id="f48b7ced-c90e-11f0-bb07-50bbb5629ee1" X-ARR-LOG-ID="f48b7ced-c90e-11f0-bb07-50bbb5629ee1" CLIENT-IP="69.120.241.138:55296" X-SITE-DEPLOYMENT-ID="quotrading-flask-api" WAS-DEFAULT-HOSTNAME="quotrading-flask-api.scm.azurewebsites.net" X-Forwarded-Proto="https" X-AppService-Proto="https" X-Forwarded-TlsVersion="1.3" X-WAWS-Unencoded-URL="/api/deployments/latest" X-Client-IP="69.120.241.138" X-Client-Port="55296" >
  <step title="Cleanup Xml Logs" date="2025-11-24T08:24:33.601" >
    <step title="Cleanup Infos" date="2025-11-24T08:24:33.607" totalFiles="254" totalCleanup="94" /><!-- duration: 6ms -->
  </step><!-- duration: 19ms -->
  <step title="DeploymentService.GetResult" date="2025-11-24T08:24:33.652" >
    <step title="DeploymentService.GetLatestDeployment" date="2025-11-24T08:24:33.662" >
      <step title="DeploymentManager.GetResults" date="2025-11-24T08:24:33.671" /><!-- duration: 962ms -->
    </step><!-- duration: 981ms -->
  </step><!-- duration: 1002ms -->
  <step title="Outgoing response" date="2025-11-24T08:24:34.682" type="response" statusCode="202" statusText="Accepted" /><!-- duration: 12ms -->
</step><!-- duration: 1142ms -->
