<step title="Incoming Request" date="2025-11-22T18:03:39.040" instance="7d84ad" url="/api/publish?type=zip" method="POST" type="request" pid="768,1,18" Accept="*/*" Host="quotrading-flask-api.scm.azurewebsites.net" User-Agent="AZURECLI/2.79.0 (MSI)" Accept-Encoding="gzip, deflate" Authorization="Bea..." Cache-Control="no-cache" Content-Type="application/octet-stream" Cookie="ARRAffinity=7d84ad198c6f807fbfa2076d1e286d2bb239ec2b3ab1f48a5008aac89bd50ca3; ARRAffinitySameSite=7d84ad198c6f807fbfa2076d1e286d2bb239ec2b3ab1f48a5008aac89bd50ca3" Content-Length="16519" x-ms-client-request-id="891a1f14-c7cd-11f0-8b0a-50bbb5629ee1" x-ms-artifact-checksum="3d3d3f4ac3159b32022c90c927fb5eeeefc34468fae17563ac72a35c73e1bb4c" X-ARR-LOG-ID="891a1f14-c7cd-11f0-8b0a-50bbb5629ee1" CLIENT-IP="69.120.241.138:55048" X-SITE-DEPLOYMENT-ID="quotrading-flask-api" WAS-DEFAULT-HOSTNAME="quotrading-flask-api.scm.azurewebsites.net" X-Forwarded-Proto="https" X-AppService-Proto="https" X-Forwarded-TlsVersion="1.3" X-WAWS-Unencoded-URL="/api/publish?type=zip" X-Client-IP="69.120.241.138" X-Client-Port="55048" >
  <step title="Cleanup Xml Logs" date="2025-11-22T18:03:39.042" /><!-- duration: 5ms -->
  <step title="OneDeploy" date="2025-11-22T18:03:39.106" >
    <step title="None repository commit" date="2025-11-22T18:03:39.115" >
      <step title="Commit id: 20fc138a-74f9-4ac6-9250-00d592e39f22" date="2025-11-22T18:03:39.117" Message="N/A" AuthorName="N/A" AuthorEmail="N/A" /><!-- duration: 2ms -->
    </step><!-- duration: 6ms -->
    <step title="Starting PushDeployAsync" date="2025-11-22T18:03:39.122" /><!-- duration: 2ms -->
    <step title="Writing artifact to /tmp/zipdeploy/faba7fd3-e138-44e3-a2fb-26d68faf64f9.zip" date="2025-11-22T18:03:39.138" >
      <step title="Writing multipart request body to /tmp/zipdeploy/faba7fd3-e138-44e3-a2fb-26d68faf64f9.zip" date="2025-11-22T18:03:39.146" /><!-- duration: 2ms -->
    </step><!-- duration: 49ms -->
    <step title="Removing previous build artifact&apos;s manifest file" date="2025-11-22T18:03:39.207" >
      <step title="Attempting to fetch target branch HEAD" date="2025-11-22T18:03:39.248" /><!-- duration: 30ms -->
      <step title="Acquiring Deployment Lock" date="2025-11-22T18:03:39.281" /><!-- duration: 5ms -->
      <step title="Acquired Deployment Lock" date="2025-11-22T18:03:39.311" /><!-- duration: 2ms -->
      <step title="Performing fetch based deployment" date="2025-11-22T18:03:39.318" >
        <step title="Creating temporary deployment" date="2025-11-22T18:03:39.320" /><!-- duration: 55ms -->
        <step title="Releasing Deployment Lock" date="2025-11-22T18:03:40.578" /><!-- duration: 4ms -->
        <step title="Cleaning up temp folders from previous zip deployments and extracting pushed zip file /tmp/zipdeploy/faba7fd3-e138-44e3-a2fb-26d68faf64f9.zip (0.02 MB) to /tmp/zipdeploy/extracted" date="2025-11-22T18:03:40.609" >
          <step title="ChmodRecursive Process exited with total time taken in ms: 78" date="2025-11-22T18:03:40.718" /><!-- duration: 2ms -->
        </step><!-- duration: 112ms -->
        <step title="None repository commit" date="2025-11-22T18:03:40.724" >
          <step title="Commit id: 20fc138a-74f9-4ac6-9250-00d592e39f22" date="2025-11-22T18:03:40.726" Message="OneDeploy" AuthorName="N/A" AuthorEmail="N/A" /><!-- duration: 2ms -->
        </step><!-- duration: 5ms -->
        <step title="Deployment timer started" date="2025-11-22T18:03:42.733" >
          <step title="DeploymentManager.Deploy(id:20fc138a-74f9-4ac6-9250-00d592e39f22)" date="2025-11-22T18:03:42.737" >
            <step title="Collecting changeset information" date="2025-11-22T18:03:42.772" /><!-- duration: 98ms -->
            <step title="Updating submodules" date="2025-11-22T18:03:42.873" /><!-- duration: 1118ms -->
            <step title="Determining deployment builder" date="2025-11-22T18:03:44.221" >
              <step title="Builder is OryxBuilder" date="2025-11-22T18:03:44.232" /><!-- duration: 2ms -->
            </step><!-- duration: 14ms -->
            <step title="PreDeployment: context.CleanOutputPath False" date="2025-11-22T18:03:44.277" >
              <step title="PreDeployment: context.OutputPath /home/site/wwwroot" date="2025-11-22T18:03:44.384" >
                <step title="Building" date="2025-11-22T18:03:44.506" >
                  <step title="Executing external process" date="2025-11-22T18:03:44.804" type="process" path="bash" arguments="-c &quot;oryx build /tmp/zipdeploy/extracted -o /home/site/wwwroot --platform python --platform-version 3.11 -p virtualenv_name=antenv --log-file /tmp/build-debug.log  -i /tmp/8de29f179e93c29 --compress-destination-dir | tee /tmp/oryx-build.log ; exit $PIPESTATUS &quot;" /><!-- duration: 61287ms -->
                  <step title="Using PythonDeploymentLogParser" date="2025-11-22T18:04:46.466" /><!-- duration: 9ms -->
                  <step title="Modified file to trigger a restart of the app container." date="2025-11-22T18:04:47.589" /><!-- duration: 2ms -->
                  <step title="Skip function trigger and logicapp sync because function is not enabled." date="2025-11-22T18:04:47.596" /><!-- duration: 2ms -->
                  <step title="Purge deployment items" date="2025-11-22T18:04:48.531" >
                    <step title="Remove 9cb0ab15-, Success, received at 11/22/2025 08:06:02" date="2025-11-22T18:04:48.584" /><!-- duration: 9ms -->
                  </step><!-- duration: 72ms -->
                </step><!-- duration: 64161ms -->
              </step><!-- duration: 64285ms -->
              <step title="Cleaning up temp files" date="2025-11-22T18:04:48.671" /><!-- duration: 275ms -->
              <step title="Cleaning up temp files" date="2025-11-22T18:04:48.948" /><!-- duration: 518ms -->
              <step title="Reloading status file with latest updates" date="2025-11-22T18:04:49.482" >
                <step title="WebHooksManager.PublishEventAsync: PostDeployment" date="2025-11-22T18:04:49.485" /><!-- duration: 64ms -->
              </step><!-- duration: 69ms -->
              <step title="Cleaning up temporary deployment - fetch deployment was successful" date="2025-11-22T18:04:49.555" /><!-- duration: 2ms -->
            </step><!-- duration: 65343ms -->
          </step><!-- duration: 66893ms -->
          <step title="Outgoing response" date="2025-11-22T18:04:49.639" type="response" statusCode="200" statusText="OK" /><!-- duration: 5ms -->
        </step><!-- duration: 66913ms -->
