<step title="Incoming Request" date="2025-11-22T06:46:48.662" instance="7d84ad" url="/api/zipdeploy?isAsync=true" method="POST" type="request" pid="770,1,7" Accept="*/*" Host="quotrading-flask-api.scm.azurewebsites.net" User-Agent="AZURECLI/2.79.0 (MSI)" Accept-Encoding="gzip, deflate" Authorization="Bea..." Cache-Control="no-cache" Content-Type="application/octet-stream" Content-Length="3193" x-ms-client-request-id="fbaaf993-c76e-11f0-b5f9-50bbb5629ee1" x-ms-artifact-checksum="d5ab40ce0723f1649c9cdb5f50267a648296821f58fd87b3d66c5d4e0aabc59e" X-ARR-LOG-ID="fbaaf993-c76e-11f0-b5f9-50bbb5629ee1" CLIENT-IP="69.120.241.138:61990" X-SITE-DEPLOYMENT-ID="quotrading-flask-api" WAS-DEFAULT-HOSTNAME="quotrading-flask-api.scm.azurewebsites.net" X-Forwarded-Proto="https" X-AppService-Proto="https" X-Forwarded-TlsVersion="1.3" X-WAWS-Unencoded-URL="/api/zipdeploy?isAsync=true" X-Client-IP="69.120.241.138" X-Client-Port="61990" >
  <step title="ZipPushDeploy" date="2025-11-22T06:46:49.259" >
    <step title="ZipDeploy. Extract zip. Remote build." date="2025-11-22T06:46:49.264" /><!-- duration: 3ms -->
    <step title="None repository commit" date="2025-11-22T06:46:49.271" >
      <step title="Commit id: 606608c8-7ca4-4398-8715-23a8e1bbf6b6" date="2025-11-22T06:46:49.273" Message="N/A" AuthorName="N/A" AuthorEmail="N/A" /><!-- duration: 2ms -->
    </step><!-- duration: 9ms -->
    <step title="Starting PushDeployAsync" date="2025-11-22T06:46:49.383" /><!-- duration: 3ms -->
    <step title="Writing artifact to /tmp/zipdeploy/15e456e8-023b-4f5a-8847-d4eed598f05f.zip" date="2025-11-22T06:46:49.404" >
      <step title="Writing multipart request body to /tmp/zipdeploy/15e456e8-023b-4f5a-8847-d4eed598f05f.zip" date="2025-11-22T06:46:49.408" /><!-- duration: 4ms -->
    </step><!-- duration: 29ms -->
    <step title="Removing previous build artifact&apos;s manifest file" date="2025-11-22T06:46:49.478" >
      <step title="Start deployment in the background" date="2025-11-22T06:46:49.515" >
        <step title="Acquiring Deployment Lock" date="2025-11-22T06:46:49.535" /><!-- duration: 2ms -->
        <step title="Acquired Deployment Lock" date="2025-11-22T06:46:49.607" /><!-- duration: 10ms -->
      </step><!-- duration: 156ms -->
    </step><!-- duration: 199ms -->
    <step title="Outgoing response" date="2025-11-22T06:46:49.708" type="response" statusCode="202" statusText="Accepted" /><!-- duration: 7ms -->
  </step><!-- duration: 458ms -->
