<step title="Incoming Request" date="2025-11-22T06:43:21.143" instance="7d84ad" url="/api/zipdeploy?isAsync=true" method="POST" type="request" pid="770,1,18" Accept="*/*" Host="quotrading-flask-api.scm.azurewebsites.net" User-Agent="AZURECLI/2.79.0 (MSI)" Accept-Encoding="gzip, deflate" Authorization="Bea..." Cache-Control="no-cache" Content-Type="application/octet-stream" Content-Length="2733" x-ms-client-request-id="81fa7258-c76e-11f0-aeba-50bbb5629ee1" x-ms-artifact-checksum="0c900e92ee274776f768a57d43d5a2839c2496757abd2874e5ad12314936508f" X-ARR-LOG-ID="81fa7258-c76e-11f0-aeba-50bbb5629ee1" CLIENT-IP="69.120.241.138:61786" X-SITE-DEPLOYMENT-ID="quotrading-flask-api" WAS-DEFAULT-HOSTNAME="quotrading-flask-api.scm.azurewebsites.net" X-Forwarded-Proto="https" X-AppService-Proto="https" X-Forwarded-TlsVersion="1.3" X-WAWS-Unencoded-URL="/api/zipdeploy?isAsync=true" X-Client-IP="69.120.241.138" X-Client-Port="61786" >
  <step title="Cleanup Xml Logs" date="2025-11-22T06:43:21.145" /><!-- duration: 4ms -->
  <step title="ZipPushDeploy" date="2025-11-22T06:43:21.817" >
    <step title="ZipDeploy. Extract zip. Remote build." date="2025-11-22T06:43:21.836" /><!-- duration: 6ms -->
    <step title="None repository commit" date="2025-11-22T06:43:21.904" >
      <step title="Commit id: 4f830cb7-bb99-4430-a46a-2eb20d98ee30" date="2025-11-22T06:43:21.907" Message="N/A" AuthorName="N/A" AuthorEmail="N/A" /><!-- duration: 2ms -->
    </step><!-- duration: 7ms -->
    <step title="Starting PushDeployAsync" date="2025-11-22T06:43:21.913" /><!-- duration: 2ms -->
    <step title="Writing artifact to /tmp/zipdeploy/c6f430d3-8c55-4f39-9509-2116c7b708ad.zip" date="2025-11-22T06:43:21.930" >
      <step title="Writing multipart request body to /tmp/zipdeploy/c6f430d3-8c55-4f39-9509-2116c7b708ad.zip" date="2025-11-22T06:43:21.933" /><!-- duration: 7ms -->
    </step><!-- duration: 42ms -->
    <step title="Removing previous build artifact&apos;s manifest file" date="2025-11-22T06:43:21.975" >
      <step title="Start deployment in the background" date="2025-11-22T06:43:21.999" >
        <step title="Acquiring Deployment Lock" date="2025-11-22T06:43:22.009" /><!-- duration: 20ms -->
        <step title="Acquired Deployment Lock" date="2025-11-22T06:43:22.087" /><!-- duration: 2ms -->
      </step><!-- duration: 239ms -->
    </step><!-- duration: 274ms -->
    <step title="Outgoing response" date="2025-11-22T06:43:22.279" type="response" statusCode="202" statusText="Accepted" /><!-- duration: 20ms -->
  </step><!-- duration: 490ms -->
