<step title="BackgroundTrace" date="2025-11-22T07:05:54.572" instance="7d84ad" url="/api/zipdeploy" method="POST" >
  <step title="Creating temporary deployment - FetchDeploymentManager" date="2025-11-22T07:05:54.652" /><!-- duration: 1ms -->
  <step title="Creating temporary deployment" date="2025-11-22T07:05:54.656" /><!-- duration: 54ms -->
  <step title="Performing fetch based deployment" date="2025-11-22T07:05:54.749" >
    <step title="Cleaning up temp folders from previous zip deployments and extracting pushed zip file /tmp/zipdeploy/137169ee-03a4-4838-9316-9f2dda5229fb.zip (0.01 MB) to /tmp/zipdeploy/extracted" date="2025-11-22T07:05:55.930" >
      <step title="ChmodRecursive Process exited with total time taken in ms: 87" date="2025-11-22T07:05:56.059" /><!-- duration: 3ms -->
    </step><!-- duration: 146ms -->
    <step title="Deployment timer started" date="2025-11-22T07:05:58.091" >
      <step title="DeploymentManager.Deploy(id:23ab8e37-442d-49f3-93ea-fbf35a717401)" date="2025-11-22T07:05:58.097" >
        <step title="Collecting changeset information" date="2025-11-22T07:05:58.121" /><!-- duration: 79ms -->
        <step title="Updating submodules" date="2025-11-22T07:05:58.204" /><!-- duration: 1124ms -->
        <step title="Determining deployment builder" date="2025-11-22T07:05:59.538" >
          <step title="Builder is OryxBuilder" date="2025-11-22T07:05:59.559" /><!-- duration: 3ms -->
        </step><!-- duration: 26ms -->
        <step title="PreDeployment: context.CleanOutputPath False" date="2025-11-22T07:05:59.620" >
          <step title="PreDeployment: context.OutputPath /home/site/wwwroot" date="2025-11-22T07:05:59.763" >
            <step title="Building" date="2025-11-22T07:05:59.922" >
              <step title="Executing external process" date="2025-11-22T07:06:00.216" type="process" path="bash" arguments="-c &quot;oryx build /tmp/zipdeploy/extracted -o /home/site/wwwroot --platform python --platform-version 3.11 -p virtualenv_name=antenv --log-file /tmp/build-debug.log  -i /tmp/8de29959722f21c --compress-destination-dir | tee /tmp/oryx-build.log ; exit $PIPESTATUS &quot;" /><!-- duration: 74209ms -->
              <step title="Using PythonDeploymentLogParser" date="2025-11-22T07:07:15.194" /><!-- duration: 10ms -->
              <step title="Triggering recycle (preview mode disabled)." date="2025-11-22T07:07:18.110" /><!-- duration: 70ms -->
              <step title="Modified file to trigger a restart of the app container." date="2025-11-22T07:07:18.221" /><!-- duration: 9ms -->
              <step title="Skip function trigger and logicapp sync because function is not enabled." date="2025-11-22T07:07:18.321" /><!-- duration: 9ms -->
            </step><!-- duration: 80397ms -->
          </step><!-- duration: 80569ms -->
          <step title="Cleaning up temp files" date="2025-11-22T07:07:20.342" /><!-- duration: 1859ms -->
          <step title="Cleaning up temp files" date="2025-11-22T07:07:22.211" /><!-- duration: 530ms -->
          <step title="Reloading status file with latest updates" date="2025-11-22T07:07:22.779" >
            <step title="WebHooksManager.PublishEventAsync: PostDeployment" date="2025-11-22T07:07:22.782" /><!-- duration: 75ms -->
          </step><!-- duration: 80ms -->
          <step title="Cleaning up temporary deployment - fetch deployment was successful" date="2025-11-22T07:07:22.864" /><!-- duration: 2ms -->
        </step><!-- duration: 83284ms -->
      </step><!-- duration: 84822ms -->
