<step title="BackgroundTrace" date="2025-11-24T21:00:30.412" instance="c4a671" url="/api/zipdeploy" method="POST" >
  <step title="Creating temporary deployment - FetchDeploymentManager" date="2025-11-24T21:00:30.477" /><!-- duration: 3ms -->
  <step title="Creating temporary deployment" date="2025-11-24T21:00:30.483" /><!-- duration: 61ms -->
  <step title="Performing fetch based deployment" date="2025-11-24T21:00:30.575" >
    <step title="Cleaning up temp folders from previous zip deployments and extracting pushed zip file /tmp/zipdeploy/13d07942-1069-4c10-b3cf-88aa88c3ecba.zip (0.04 MB) to /tmp/zipdeploy/extracted" date="2025-11-24T21:00:31.721" >
      <step title="ChmodRecursive Process exited with total time taken in ms: 31" date="2025-11-24T21:00:31.781" /><!-- duration: 17ms -->
    </step><!-- duration: 82ms -->
    <step title="Deployment timer started" date="2025-11-24T21:00:33.814" >
      <step title="DeploymentManager.Deploy(id:15afeae9-d475-47bf-aa66-3ada0ab0b708)" date="2025-11-24T21:00:33.836" >
        <step title="Collecting changeset information" date="2025-11-24T21:00:33.855" /><!-- duration: 89ms -->
        <step title="Updating submodules" date="2025-11-24T21:00:33.949" /><!-- duration: 1137ms -->
        <step title="Determining deployment builder" date="2025-11-24T21:00:35.278" >
          <step title="Builder is OryxBuilder" date="2025-11-24T21:00:35.286" /><!-- duration: 2ms -->
        </step><!-- duration: 14ms -->
        <step title="PreDeployment: context.CleanOutputPath False" date="2025-11-24T21:00:35.341" >
          <step title="PreDeployment: context.OutputPath /home/site/wwwroot" date="2025-11-24T21:00:35.454" >
            <step title="Building" date="2025-11-24T21:00:35.572" >
              <step title="Executing external process" date="2025-11-24T21:00:35.841" type="process" path="bash" arguments="-c &quot;oryx build /tmp/zipdeploy/extracted -o /home/site/wwwroot --platform python --platform-version 3.11 -p virtualenv_name=antenv --log-file /tmp/build-debug.log  -i /tmp/8de2b9c836c2a90 --compress-destination-dir | tee /tmp/oryx-build.log ; exit $PIPESTATUS &quot;" /><!-- duration: 57442ms -->
              <step title="Using PythonDeploymentLogParser" date="2025-11-24T21:01:33.676" /><!-- duration: 8ms -->
              <step title="Triggering recycle (preview mode disabled)." date="2025-11-24T21:01:34.818" /><!-- duration: 3ms -->
              <step title="Modified file to trigger a restart of the app container." date="2025-11-24T21:01:34.853" /><!-- duration: 7ms -->
              <step title="Skip function trigger and logicapp sync because function is not enabled." date="2025-11-24T21:01:34.864" /><!-- duration: 3ms -->
              <step title="Purge deployment items" date="2025-11-24T21:01:36.018" >
                <step title="Remove 82eebad9-, Success, received at 11/24/2025 18:01:48" date="2025-11-24T21:01:36.097" /><!-- duration: 4ms -->
              </step><!-- duration: 88ms -->
            </step><!-- duration: 60623ms -->
          </step><!-- duration: 60747ms -->
          <step title="Cleaning up temp files" date="2025-11-24T21:01:36.204" /><!-- duration: 578ms -->
          <step title="Cleaning up temp files" date="2025-11-24T21:01:36.786" /><!-- duration: 506ms -->
          <step title="Reloading status file with latest updates" date="2025-11-24T21:01:37.321" >
            <step title="WebHooksManager.PublishEventAsync: PostDeployment" date="2025-11-24T21:01:37.328" /><!-- duration: 41ms -->
          </step><!-- duration: 50ms -->
          <step title="Cleaning up temporary deployment - fetch deployment was successful" date="2025-11-24T21:01:37.377" /><!-- duration: 4ms -->
        </step><!-- duration: 62088ms -->
      </step><!-- duration: 63611ms -->
