<step title="Incoming Request" date="2025-11-22T08:40:38.562" instance="7d84ad" url="/api/zipdeploy?isAsync=true" method="POST" type="request" pid="770,1,25" Accept="*/*" Host="quotrading-flask-api.scm.azurewebsites.net" User-Agent="AZURECLI/2.79.0 (MSI)" Accept-Encoding="gzip, deflate" Authorization="Bea..." Cache-Control="no-cache" Content-Type="application/octet-stream" Content-Length="11423" x-ms-client-request-id="e77d5eea-c77e-11f0-9710-50bbb5629ee1" x-ms-artifact-checksum="f8771d956f53d5e86aad74fd15a4dfa34ce2dd14cd991711975a2ef2c5fc9678" X-ARR-LOG-ID="e77d5eea-c77e-11f0-9710-50bbb5629ee1" CLIENT-IP="69.120.241.138:59332" X-SITE-DEPLOYMENT-ID="quotrading-flask-api" WAS-DEFAULT-HOSTNAME="quotrading-flask-api.scm.azurewebsites.net" X-Forwarded-Proto="https" X-AppService-Proto="https" X-Forwarded-TlsVersion="1.3" X-WAWS-Unencoded-URL="/api/zipdeploy?isAsync=true" X-Client-IP="69.120.241.138" X-Client-Port="59332" >
  <step title="Cleanup Xml Logs" date="2025-11-22T08:40:38.564" /><!-- duration: 5ms -->
  <step title="ZipPushDeploy" date="2025-11-22T08:40:38.627" >
    <step title="ZipDeploy. Extract zip. Remote build." date="2025-11-22T08:40:38.636" /><!-- duration: 2ms -->
    <step title="Starting PushDeployAsync" date="2025-11-22T08:40:38.640" /><!-- duration: 5ms -->
    <step title="Writing artifact to /tmp/zipdeploy/92403d17-a440-4d93-9c00-517d800a3642.zip" date="2025-11-22T08:40:38.667" >
      <step title="Writing multipart request body to /tmp/zipdeploy/92403d17-a440-4d93-9c00-517d800a3642.zip" date="2025-11-22T08:40:38.685" /><!-- duration: 10ms -->
    </step><!-- duration: 98ms -->
    <step title="Removing previous build artifact&apos;s manifest file" date="2025-11-22T08:40:38.777" >
      <step title="Start deployment in the background" date="2025-11-22T08:40:38.795" >
        <step title="Acquiring Deployment Lock" date="2025-11-22T08:40:38.817" /><!-- duration: 2ms -->
        <step title="Acquired Deployment Lock" date="2025-11-22T08:40:38.846" /><!-- duration: 2ms -->
      </step><!-- duration: 107ms -->
    </step><!-- duration: 134ms -->
    <step title="Outgoing response" date="2025-11-22T08:40:38.915" type="response" statusCode="202" statusText="Accepted" /><!-- duration: 2ms -->
  </step><!-- duration: 292ms -->
