<step title="BackgroundTrace" date="2025-11-22T06:25:41.566" instance="7d84ad" url="/api/zipdeploy" method="POST" >
  <step title="Creating temporary deployment - FetchDeploymentManager" date="2025-11-22T06:25:41.646" /><!-- duration: 1ms -->
  <step title="Creating temporary deployment" date="2025-11-22T06:25:41.650" /><!-- duration: 67ms -->
  <step title="Performing fetch based deployment" date="2025-11-22T06:25:41.757" >
    <step title="Cleaning up temp folders from previous zip deployments and extracting pushed zip file /tmp/zipdeploy/1606beda-48da-4949-a289-2f2a9c95cd35.zip (0.00 MB) to /tmp/zipdeploy/extracted" date="2025-11-22T06:25:42.914" >
      <step title="ChmodRecursive Process exited with total time taken in ms: 78" date="2025-11-22T06:25:43.020" /><!-- duration: 40ms -->
    </step><!-- duration: 167ms -->
    <step title="Deployment timer started" date="2025-11-22T06:25:45.115" >
      <step title="DeploymentManager.Deploy(id:c726cb6b-a0ce-49f8-974f-31b8be8cac70)" date="2025-11-22T06:25:45.119" >
        <step title="Collecting changeset information" date="2025-11-22T06:25:45.125" /><!-- duration: 100ms -->
        <step title="Updating submodules" date="2025-11-22T06:25:45.236" /><!-- duration: 1199ms -->
        <step title="Determining deployment builder" date="2025-11-22T06:25:46.658" >
          <step title="Builder is OryxBuilder" date="2025-11-22T06:25:46.664" /><!-- duration: 2ms -->
        </step><!-- duration: 9ms -->
        <step title="PreDeployment: context.CleanOutputPath False" date="2025-11-22T06:25:46.717" >
          <step title="PreDeployment: context.OutputPath /home/site/wwwroot" date="2025-11-22T06:25:46.841" >
            <step title="Building" date="2025-11-22T06:25:47.002" >
              <step title="Executing external process" date="2025-11-22T06:25:47.299" type="process" path="bash" arguments="-c &quot;oryx build /tmp/zipdeploy/extracted -o /home/site/wwwroot --platform python --platform-version 3.11 -p virtualenv_name=antenv --log-file /tmp/build-debug.log  -i /tmp/8de298ff8ef8ecb --compress-destination-dir | tee /tmp/oryx-build.log ; exit $PIPESTATUS &quot;" /><!-- duration: 68634ms -->
              <step title="Using PythonDeploymentLogParser" date="2025-11-22T06:26:56.528" /><!-- duration: 1ms -->
              <step title="Triggering recycle (preview mode disabled)." date="2025-11-22T06:26:58.701" /><!-- duration: 4ms -->
              <step title="Modified file to trigger a restart of the app container." date="2025-11-22T06:26:58.741" /><!-- duration: 20ms -->
              <step title="Skip function trigger and logicapp sync because function is not enabled." date="2025-11-22T06:26:58.979" /><!-- duration: 9ms -->
            </step><!-- duration: 72689ms -->
          </step><!-- duration: 72872ms -->
          <step title="Cleaning up temp files" date="2025-11-22T06:26:59.717" /><!-- duration: 307ms -->
          <step title="Cleaning up temp files" date="2025-11-22T06:27:00.034" /><!-- duration: 513ms -->
          <step title="Reloading status file with latest updates" date="2025-11-22T06:27:00.577" >
            <step title="WebHooksManager.PublishEventAsync: PostDeployment" date="2025-11-22T06:27:00.580" /><!-- duration: 81ms -->
          </step><!-- duration: 86ms -->
          <step title="Cleaning up temporary deployment - fetch deployment was successful" date="2025-11-22T06:27:00.667" /><!-- duration: 2ms -->
        </step><!-- duration: 74003ms -->
      </step><!-- duration: 75620ms -->
