<step title="Incoming Request" date="2025-11-24T10:41:08.570" instance="7d84ad" url="/api/deployments/latest" method="GET" type="request" pid="768,1,41" Accept="*/*" Host="quotrading-flask-api.scm.azurewebsites.net" User-Agent="AZURECLI/2.80.0 (MSI)" Accept-Encoding="gzip, deflate" Authorization="Bea..." x-ms-client-request-id="07450cdc-c922-11f0-a88b-50bbb5629ee1" X-ARR-LOG-ID="07450cdc-c922-11f0-a88b-50bbb5629ee1" CLIENT-IP="69.120.241.138:59044" X-SITE-DEPLOYMENT-ID="quotrading-flask-api" WAS-DEFAULT-HOSTNAME="quotrading-flask-api.scm.azurewebsites.net" X-Forwarded-Proto="https" X-AppService-Proto="https" X-Forwarded-TlsVersion="1.3" X-WAWS-Unencoded-URL="/api/deployments/latest" X-Client-IP="69.120.241.138" X-Client-Port="59044" >
  <step title="Cleanup Xml Logs" date="2025-11-24T10:41:08.572" >
    <step title="Cleanup Infos" date="2025-11-24T10:41:08.598" totalFiles="290" totalCleanup="130" /><!-- duration: 12ms -->
  </step><!-- duration: 48ms -->
  <step title="DeploymentService.GetResult" date="2025-11-24T10:41:08.680" >
    <step title="DeploymentService.GetLatestDeployment" date="2025-11-24T10:41:08.688" >
      <step title="DeploymentManager.GetResults" date="2025-11-24T10:41:08.699" /><!-- duration: 1047ms -->
    </step><!-- duration: 1061ms -->
  </step><!-- duration: 1080ms -->
  <step title="Outgoing response" date="2025-11-24T10:41:09.780" type="response" statusCode="202" statusText="Accepted" /><!-- duration: 10ms -->
</step><!-- duration: 1221ms -->
