<step title="Incoming Request" date="2025-11-24T06:16:46.533" instance="7d84ad" url="/api/deployments/latest" method="GET" type="request" pid="768,1,59" Accept="*/*" Host="quotrading-flask-api.scm.azurewebsites.net" User-Agent="AZURECLI/2.80.0 (MSI)" Accept-Encoding="gzip, deflate" Authorization="Bea..." x-ms-client-request-id="1950eb9f-c8fd-11f0-af46-50bbb5629ee1" X-ARR-LOG-ID="1950eb9f-c8fd-11f0-af46-50bbb5629ee1" CLIENT-IP="69.120.241.138:63280" X-SITE-DEPLOYMENT-ID="quotrading-flask-api" WAS-DEFAULT-HOSTNAME="quotrading-flask-api.scm.azurewebsites.net" X-Forwarded-Proto="https" X-AppService-Proto="https" X-Forwarded-TlsVersion="1.3" X-WAWS-Unencoded-URL="/api/deployments/latest" X-Client-IP="69.120.241.138" X-Client-Port="63280" >
  <step title="Cleanup Xml Logs" date="2025-11-24T06:16:46.537" >
    <step title="Cleanup Infos" date="2025-11-24T06:16:46.557" totalFiles="215" totalCleanup="55" /><!-- duration: 13ms -->
  </step><!-- duration: 36ms -->
  <step title="DeploymentService.GetResult" date="2025-11-24T06:16:46.603" >
    <step title="DeploymentService.GetLatestDeployment" date="2025-11-24T06:16:46.607" >
      <step title="DeploymentManager.GetResults" date="2025-11-24T06:16:46.631" /><!-- duration: 2187ms -->
    </step><!-- duration: 2265ms -->
  </step><!-- duration: 2289ms -->
  <step title="Outgoing response" date="2025-11-24T06:16:48.922" type="response" statusCode="202" statusText="Accepted" /><!-- duration: 3ms -->
</step><!-- duration: 2394ms -->
