﻿<?xml version="1.0" encoding="utf-8"?>
<deployment>
  <id>db5d2f0b-1ed8-421b-994e-928c3a5548d4</id>
  <author>N/A</author>
  <deployer>Push-Deployer</deployer>
  <authorEmail>N/A</authorEmail>
  <message>Created via a push deployment</message>
  <progress></progress>
  <status>Success</status>
  <statusText></statusText>
  <lastSuccessEndTime>2025-12-27T23:38:20.9576496Z</lastSuccessEndTime>
  <receivedTime>2025-12-27T23:37:01.5610865Z</receivedTime>
  <startTime>2025-12-27T23:37:03.5913467Z</startTime>
  <endTime>2025-12-27T23:38:20.9576496Z</endTime>
  <complete>True</complete>
  <is_temp>False</is_temp>
  <is_readonly>True</is_readonly>
  <buildSummary />
</deployment>