<step title="Incoming Request" date="2025-11-24T20:25:28.202" instance="c4a671" url="/api/deployments/latest" method="GET" type="request" pid="768,1,41" Accept="*/*" Host="quotrading-flask-api.scm.azurewebsites.net" User-Agent="AZURECLI/2.80.0 (MSI)" Accept-Encoding="gzip, deflate" Authorization="Bea..." x-ms-client-request-id="ac480887-c973-11f0-bc80-50bbb5629ee1" X-ARR-LOG-ID="ac480887-c973-11f0-bc80-50bbb5629ee1" CLIENT-IP="69.120.241.138:53232" X-SITE-DEPLOYMENT-ID="quotrading-flask-api" WAS-DEFAULT-HOSTNAME="quotrading-flask-api.scm.azurewebsites.net" X-Forwarded-Proto="https" X-AppService-Proto="https" X-Forwarded-TlsVersion="1.3" X-WAWS-Unencoded-URL="/api/deployments/latest" X-Client-IP="69.120.241.138" X-Client-Port="53232" >
  <step title="Cleanup Xml Logs" date="2025-11-24T20:25:28.204" >
    <step title="Cleanup Infos" date="2025-11-24T20:25:28.217" totalFiles="423" totalCleanup="263" /><!-- duration: 5ms -->
  </step><!-- duration: 24ms -->
  <step title="DeploymentService.GetResult" date="2025-11-24T20:25:28.240" >
    <step title="DeploymentService.GetLatestDeployment" date="2025-11-24T20:25:28.249" >
      <step title="DeploymentManager.GetResults" date="2025-11-24T20:25:28.259" /><!-- duration: 682ms -->
    </step><!-- duration: 700ms -->
  </step><!-- duration: 718ms -->
  <step title="Outgoing response" date="2025-11-24T20:25:28.986" type="response" statusCode="202" statusText="Accepted" /><!-- duration: 13ms -->
</step><!-- duration: 834ms -->
