<step title="BackgroundTrace" date="2025-11-22T08:00:49.120" instance="7d84ad" url="/api/zipdeploy" method="POST" >
  <step title="Creating temporary deployment - FetchDeploymentManager" date="2025-11-22T08:00:49.183" /><!-- duration: 1ms -->
  <step title="Creating temporary deployment" date="2025-11-22T08:00:49.187" /><!-- duration: 43ms -->
  <step title="Performing fetch based deployment" date="2025-11-22T08:00:49.270" >
    <step title="Cleaning up temp folders from previous zip deployments and extracting pushed zip file /tmp/zipdeploy/1473e5bd-704f-452d-8b9e-e4a5e0cd5c2d.zip (0.00 MB) to /tmp/zipdeploy/extracted" date="2025-11-22T08:00:50.395" >
      <step title="ChmodRecursive Process exited with total time taken in ms: 78" date="2025-11-22T08:00:50.522" /><!-- duration: 11ms -->
    </step><!-- duration: 147ms -->
    <step title="Deployment timer started" date="2025-11-22T08:00:52.550" >
      <step title="DeploymentManager.Deploy(id:b704f59e-dab5-42a4-a9c2-0dac0a9f0826)" date="2025-11-22T08:00:52.569" >
        <step title="Collecting changeset information" date="2025-11-22T08:00:52.609" /><!-- duration: 218ms -->
        <step title="Updating submodules" date="2025-11-22T08:00:52.831" /><!-- duration: 1135ms -->
        <step title="Determining deployment builder" date="2025-11-22T08:00:54.218" >
          <step title="Builder is OryxBuilder" date="2025-11-22T08:00:54.230" /><!-- duration: 2ms -->
        </step><!-- duration: 20ms -->
        <step title="PreDeployment: context.CleanOutputPath False" date="2025-11-22T08:00:54.291" >
          <step title="PreDeployment: context.OutputPath /home/site/wwwroot" date="2025-11-22T08:00:54.411" >
            <step title="Building" date="2025-11-22T08:00:54.564" >
              <step title="Executing external process" date="2025-11-22T08:00:54.890" type="process" path="bash" arguments="-c &quot;oryx build /tmp/zipdeploy/extracted -o /home/site/wwwroot --platform python --platform-version 3.11 -p virtualenv_name=antenv --log-file /tmp/build-debug.log  -i /tmp/8de299d42eb3f3b --compress-destination-dir | tee /tmp/oryx-build.log ; exit $PIPESTATUS &quot;" /><!-- duration: 45692ms -->
              <step title="Using PythonDeploymentLogParser" date="2025-11-22T08:01:40.890" /><!-- duration: 16ms -->
              <step title="Triggering recycle (preview mode disabled)." date="2025-11-22T08:01:42.073" /><!-- duration: 9ms -->
              <step title="Modified file to trigger a restart of the app container." date="2025-11-22T08:01:42.114" /><!-- duration: 2ms -->
              <step title="Skip function trigger and logicapp sync because function is not enabled." date="2025-11-22T08:01:42.118" /><!-- duration: 3ms -->
              <step title="Purge deployment items" date="2025-11-22T08:01:43.291" >
                <step title="Remove 1e7a2e4f-, Success, received at 11/22/2025 06:33:04" date="2025-11-22T08:01:43.337" /><!-- duration: 2ms -->
              </step><!-- duration: 54ms -->
            </step><!-- duration: 48852ms -->
          </step><!-- duration: 49008ms -->
          <step title="Cleaning up temp files" date="2025-11-22T08:01:43.420" /><!-- duration: 288ms -->
          <step title="Cleaning up temp files" date="2025-11-22T08:01:43.716" /><!-- duration: 510ms -->
          <step title="Reloading status file with latest updates" date="2025-11-22T08:01:44.249" >
            <step title="WebHooksManager.PublishEventAsync: PostDeployment" date="2025-11-22T08:01:44.251" /><!-- duration: 37ms -->
          </step><!-- duration: 45ms -->
          <step title="Cleaning up temporary deployment - fetch deployment was successful" date="2025-11-22T08:01:44.297" /><!-- duration: 3ms -->
        </step><!-- duration: 50085ms -->
      </step><!-- duration: 51827ms -->
