<step title="Incoming Request" date="2025-11-22T06:49:49.023" instance="7d84ad" url="/api/publish?type=zip" method="POST" type="request" pid="772,1,5" Accept="*/*" Host="quotrading-flask-api.scm.azurewebsites.net" User-Agent="AZURECLI/2.79.0 (MSI)" Accept-Encoding="gzip, deflate" Authorization="Bea..." Cache-Control="no-cache" Content-Type="application/octet-stream" Cookie="ARRAffinity=7d84ad198c6f807fbfa2076d1e286d2bb239ec2b3ab1f48a5008aac89bd50ca3; ARRAffinitySameSite=7d84ad198c6f807fbfa2076d1e286d2bb239ec2b3ab1f48a5008aac89bd50ca3" Content-Length="2729" x-ms-client-request-id="6682bb38-c76f-11f0-90e0-50bbb5629ee1" x-ms-artifact-checksum="c0af76ae5ef454bf1bfc79afa661ee64c730fecd34abcf02415138aa5a1ca034" X-ARR-LOG-ID="6682bb38-c76f-11f0-90e0-50bbb5629ee1" CLIENT-IP="69.120.241.138:52280" X-SITE-DEPLOYMENT-ID="quotrading-flask-api" WAS-DEFAULT-HOSTNAME="quotrading-flask-api.scm.azurewebsites.net" X-Forwarded-Proto="https" X-AppService-Proto="https" X-Forwarded-TlsVersion="1.3" X-WAWS-Unencoded-URL="/api/publish?type=zip" X-Client-IP="69.120.241.138" X-Client-Port="52280" >
  <step title="Cleanup Xml Logs" date="2025-11-22T06:49:49.032" /><!-- duration: 20ms -->
  <step title="OneDeploy" date="2025-11-22T06:49:49.211" >
    <step title="None repository commit" date="2025-11-22T06:49:49.243" >
      <step title="Commit id: be15ffe9-736a-4fa2-a41f-66ed59033bb6" date="2025-11-22T06:49:49.253" Message="N/A" AuthorName="N/A" AuthorEmail="N/A" /><!-- duration: 9ms -->
    </step><!-- duration: 20ms -->
    <step title="Starting PushDeployAsync" date="2025-11-22T06:49:49.272" /><!-- duration: 9ms -->
    <step title="Writing artifact to /tmp/zipdeploy/6f69756f-a09e-4cb5-acdf-05c35036f85a.zip" date="2025-11-22T06:49:49.324" >
      <step title="Writing multipart request body to /tmp/zipdeploy/6f69756f-a09e-4cb5-acdf-05c35036f85a.zip" date="2025-11-22T06:49:49.352" /><!-- duration: 9ms -->
    </step><!-- duration: 80ms -->
    <step title="Removing previous build artifact&apos;s manifest file" date="2025-11-22T06:49:49.483" >
      <step title="Attempting to fetch target branch HEAD" date="2025-11-22T06:49:49.573" /><!-- duration: 37ms -->
      <step title="Acquiring Deployment Lock" date="2025-11-22T06:49:49.641" /><!-- duration: 9ms -->
      <step title="Acquired Deployment Lock" date="2025-11-22T06:49:49.707" /><!-- duration: 11ms -->
      <step title="Performing fetch based deployment" date="2025-11-22T06:49:49.748" >
        <step title="Creating temporary deployment" date="2025-11-22T06:49:49.778" /><!-- duration: 138ms -->
        <step title="Releasing Deployment Lock" date="2025-11-22T06:49:51.504" /><!-- duration: 38ms -->
        <step title="Cleaning up temp folders from previous zip deployments and extracting pushed zip file /tmp/zipdeploy/6f69756f-a09e-4cb5-acdf-05c35036f85a.zip (0.00 MB) to /tmp/zipdeploy/extracted" date="2025-11-22T06:49:52.081" >
          <step title="ChmodRecursive Process exited with total time taken in ms: 248" date="2025-11-22T06:49:52.622" /><!-- duration: 41ms -->
        </step><!-- duration: 613ms -->
        <step title="None repository commit" date="2025-11-22T06:49:52.743" >
          <step title="Commit id: be15ffe9-736a-4fa2-a41f-66ed59033bb6" date="2025-11-22T06:49:52.833" Message="OneDeploy" AuthorName="N/A" AuthorEmail="N/A" /><!-- duration: 29ms -->
        </step><!-- duration: 128ms -->
        <step title="Deployment timer started" date="2025-11-22T06:49:54.891" >
          <step title="DeploymentManager.Deploy(id:be15ffe9-736a-4fa2-a41f-66ed59033bb6)" date="2025-11-22T06:49:54.909" >
            <step title="Collecting changeset information" date="2025-11-22T06:49:54.936" /><!-- duration: 131ms -->
            <step title="Updating submodules" date="2025-11-22T06:49:55.088" /><!-- duration: 1224ms -->
            <step title="Determining deployment builder" date="2025-11-22T06:49:56.870" >
              <step title="Builder is OryxBuilder" date="2025-11-22T06:49:56.963" /><!-- duration: 38ms -->
            </step><!-- duration: 141ms -->
            <step title="PreDeployment: context.CleanOutputPath False" date="2025-11-22T06:49:57.221" >
              <step title="PreDeployment: context.OutputPath /home/site/wwwroot" date="2025-11-22T06:49:57.450" >
                <step title="Building" date="2025-11-22T06:49:57.788" >
                  <step title="Executing external process" date="2025-11-22T06:49:58.895" type="process" path="bash" arguments="-c &quot;oryx build /tmp/zipdeploy/extracted -o /home/site/wwwroot --platform python --platform-version 3.11 -p virtualenv_name=antenv --log-file /tmp/build-debug.log  -i /tmp/8de299359779f5c --compress-destination-dir | tee /tmp/oryx-build.log ; exit $PIPESTATUS &quot;" /><!-- duration: 72244ms -->
                  <step title="Using PythonDeploymentLogParser" date="2025-11-22T06:51:11.556" /><!-- duration: 2ms -->
                  <step title="Modified file to trigger a restart of the app container." date="2025-11-22T06:51:12.774" /><!-- duration: 2ms -->
                  <step title="Skip function trigger and logicapp sync because function is not enabled." date="2025-11-22T06:51:12.784" /><!-- duration: 2ms -->
                </step><!-- duration: 75894ms -->
              </step><!-- duration: 76236ms -->
              <step title="Cleaning up temp files" date="2025-11-22T06:51:13.688" /><!-- duration: 277ms -->
              <step title="Cleaning up temp files" date="2025-11-22T06:51:13.967" /><!-- duration: 511ms -->
              <step title="Reloading status file with latest updates" date="2025-11-22T06:51:14.500" >
                <step title="WebHooksManager.PublishEventAsync: PostDeployment" date="2025-11-22T06:51:14.502" /><!-- duration: 68ms -->
              </step><!-- duration: 72ms -->
              <step title="Cleaning up temporary deployment - fetch deployment was successful" date="2025-11-22T06:51:14.576" /><!-- duration: 2ms -->
            </step><!-- duration: 77414ms -->
          </step><!-- duration: 79736ms -->
          <step title="Outgoing response" date="2025-11-22T06:51:14.661" type="response" statusCode="200" statusText="OK" /><!-- duration: 4ms -->
        </step><!-- duration: 79775ms -->
