<step title="Incoming Request" date="2025-11-22T06:49:02.581" instance="7d84ad" url="/api/zipdeploy?isAsync=true" method="POST" type="request" pid="770,1,21" Accept="*/*" Host="quotrading-flask-api.scm.azurewebsites.net" User-Agent="AZURECLI/2.79.0 (MSI)" Accept-Encoding="gzip, deflate" Authorization="Bea..." Cache-Control="no-cache" Content-Type="application/octet-stream" Content-Length="2729" x-ms-client-request-id="51990e5c-c76f-11f0-8806-50bbb5629ee1" x-ms-artifact-checksum="c0af76ae5ef454bf1bfc79afa661ee64c730fecd34abcf02415138aa5a1ca034" X-ARR-LOG-ID="51990e5c-c76f-11f0-8806-50bbb5629ee1" CLIENT-IP="69.120.241.138:62119" X-SITE-DEPLOYMENT-ID="quotrading-flask-api" WAS-DEFAULT-HOSTNAME="quotrading-flask-api.scm.azurewebsites.net" X-Forwarded-Proto="https" X-AppService-Proto="https" X-Forwarded-TlsVersion="1.3" X-WAWS-Unencoded-URL="/api/zipdeploy?isAsync=true" X-Client-IP="69.120.241.138" X-Client-Port="62119" >
  <step title="Cleanup Xml Logs" date="2025-11-22T06:49:02.592" /><!-- duration: 41ms -->
  <step title="ZipPushDeploy" date="2025-11-22T06:49:02.928" >
    <step title="ZipDeploy. Extract zip. Remote build." date="2025-11-22T06:49:02.958" /><!-- duration: 2ms -->
    <step title="Starting PushDeployAsync" date="2025-11-22T06:49:03.008" /><!-- duration: 9ms -->
    <step title="Writing artifact to /tmp/zipdeploy/2f669780-4d42-4209-bd78-2780bf4e5a5d.zip" date="2025-11-22T06:49:03.249" >
      <step title="Writing multipart request body to /tmp/zipdeploy/2f669780-4d42-4209-bd78-2780bf4e5a5d.zip" date="2025-11-22T06:49:03.278" /><!-- duration: 20ms -->
    </step><!-- duration: 159ms -->
    <step title="Start deployment in the background" date="2025-11-22T06:49:03.450" >
      <step title="Acquiring Deployment Lock" date="2025-11-22T06:49:03.488" /><!-- duration: 2ms -->
      <step title="Cannot Acquire Deployment Lock already held" date="2025-11-22T06:49:03.551" /><!-- duration: 58ms -->
    </step><!-- duration: 499ms -->
    <step title="There is a deployment currently in progress. Please try again when it completes." date="2025-11-22T06:49:03.999" /><!-- duration: 49ms -->
  </step><!-- duration: 1159ms -->
  <step title="Outgoing response" date="2025-11-22T06:49:04.248" type="response" statusCode="409" statusText="Conflict" /><!-- duration: 9ms -->
</step><!-- duration: 1718ms -->
