<step title="BackgroundTrace" date="2025-11-22T07:36:00.997" instance="7d84ad" url="/api/zipdeploy" method="POST" >
  <step title="Creating temporary deployment - FetchDeploymentManager" date="2025-11-22T07:36:01.054" /><!-- duration: 1ms -->
  <step title="Creating temporary deployment" date="2025-11-22T07:36:01.058" /><!-- duration: 53ms -->
  <step title="Performing fetch based deployment" date="2025-11-22T07:36:01.143" >
    <step title="Cleaning up temp folders from previous zip deployments and extracting pushed zip file /tmp/zipdeploy/3880e2d7-8eac-4196-ba74-902edb055347.zip (0.01 MB) to /tmp/zipdeploy/extracted" date="2025-11-22T07:36:02.466" >
      <step title="ChmodRecursive Process exited with total time taken in ms: 108" date="2025-11-22T07:36:02.707" /><!-- duration: 9ms -->
    </step><!-- duration: 253ms -->
    <step title="Deployment timer started" date="2025-11-22T07:36:04.727" >
      <step title="DeploymentManager.Deploy(id:516e4e2c-f775-406d-8a19-bb85426e5097)" date="2025-11-22T07:36:04.732" >
        <step title="Collecting changeset information" date="2025-11-22T07:36:04.762" /><!-- duration: 91ms -->
        <step title="Updating submodules" date="2025-11-22T07:36:04.856" /><!-- duration: 1108ms -->
        <step title="Determining deployment builder" date="2025-11-22T07:36:06.168" >
          <step title="Builder is OryxBuilder" date="2025-11-22T07:36:06.184" /><!-- duration: 2ms -->
        </step><!-- duration: 20ms -->
        <step title="PreDeployment: context.CleanOutputPath False" date="2025-11-22T07:36:06.242" >
          <step title="PreDeployment: context.OutputPath /home/site/wwwroot" date="2025-11-22T07:36:06.363" >
            <step title="Building" date="2025-11-22T07:36:06.566" >
              <step title="Executing external process" date="2025-11-22T07:36:06.879" type="process" path="bash" arguments="-c &quot;oryx build /tmp/zipdeploy/extracted -o /home/site/wwwroot --platform python --platform-version 3.11 -p virtualenv_name=antenv --log-file /tmp/build-debug.log  -i /tmp/8de2999cbf93888 --compress-destination-dir | tee /tmp/oryx-build.log ; exit $PIPESTATUS &quot;" /><!-- duration: 80847ms -->
              <step title="Using PythonDeploymentLogParser" date="2025-11-22T07:37:28.063" /><!-- duration: 68ms -->
              <step title="Triggering recycle (preview mode disabled)." date="2025-11-22T07:37:29.207" /><!-- duration: 9ms -->
              <step title="Modified file to trigger a restart of the app container." date="2025-11-22T07:37:29.245" /><!-- duration: 2ms -->
              <step title="Skip function trigger and logicapp sync because function is not enabled." date="2025-11-22T07:37:29.249" /><!-- duration: 2ms -->
            </step><!-- duration: 83626ms -->
          </step><!-- duration: 83831ms -->
          <step title="Cleaning up temp files" date="2025-11-22T07:37:30.196" /><!-- duration: 388ms -->
          <step title="Cleaning up temp files" date="2025-11-22T07:37:30.589" /><!-- duration: 505ms -->
          <step title="Reloading status file with latest updates" date="2025-11-22T07:37:31.114" >
            <step title="WebHooksManager.PublishEventAsync: PostDeployment" date="2025-11-22T07:37:31.118" /><!-- duration: 188ms -->
          </step><!-- duration: 194ms -->
          <step title="Cleaning up temporary deployment - fetch deployment was successful" date="2025-11-22T07:37:31.311" /><!-- duration: 3ms -->
        </step><!-- duration: 85109ms -->
      </step><!-- duration: 86627ms -->
