<step title="Incoming Request" date="2025-11-22T07:07:39.838" instance="7d84ad" url="/api/zipdeploy?isAsync=true" method="POST" type="request" pid="770,1,16" Accept="*/*" Host="quotrading-flask-api.scm.azurewebsites.net" User-Agent="AZURECLI/2.79.0 (MSI)" Accept-Encoding="gzip, deflate" Authorization="Bea..." Cache-Control="no-cache" Content-Type="application/octet-stream" Content-Length="8080" x-ms-client-request-id="e7f6b7b4-c771-11f0-98c8-50bbb5629ee1" x-ms-artifact-checksum="5d38c3dfd7dcc8f325590491f48484ebddc3578757e46b2559fe0cdec2bdfeba" X-ARR-LOG-ID="e7f6b7b4-c771-11f0-98c8-50bbb5629ee1" CLIENT-IP="69.120.241.138:50269" X-SITE-DEPLOYMENT-ID="quotrading-flask-api" WAS-DEFAULT-HOSTNAME="quotrading-flask-api.scm.azurewebsites.net" X-Forwarded-Proto="https" X-AppService-Proto="https" X-Forwarded-TlsVersion="1.3" X-WAWS-Unencoded-URL="/api/zipdeploy?isAsync=true" X-Client-IP="69.120.241.138" X-Client-Port="50269" >
  <step title="Cleanup Xml Logs" date="2025-11-22T07:07:39.857" /><!-- duration: 50ms -->
  <step title="ZipPushDeploy" date="2025-11-22T07:07:40.178" >
    <step title="ZipDeploy. Extract zip. Remote build." date="2025-11-22T07:07:40.208" /><!-- duration: 51ms -->
    <step title="Starting PushDeployAsync" date="2025-11-22T07:07:40.290" /><!-- duration: 29ms -->
    <step title="Writing artifact to /tmp/zipdeploy/f7a0bd18-2eb0-4250-b1cd-dbaa8327a138.zip" date="2025-11-22T07:07:40.529" >
      <step title="Writing multipart request body to /tmp/zipdeploy/f7a0bd18-2eb0-4250-b1cd-dbaa8327a138.zip" date="2025-11-22T07:07:40.549" /><!-- duration: 49ms -->
    </step><!-- duration: 210ms -->
    <step title="Removing previous build artifact&apos;s manifest file" date="2025-11-22T07:07:40.778" >
      <step title="Start deployment in the background" date="2025-11-22T07:07:40.838" >
        <step title="Acquiring Deployment Lock" date="2025-11-22T07:07:40.899" /><!-- duration: 51ms -->
        <step title="Acquired Deployment Lock" date="2025-11-22T07:07:41.178" /><!-- duration: 89ms -->
      </step><!-- duration: 1119ms -->
    </step><!-- duration: 1190ms -->
    <step title="Outgoing response" date="2025-11-22T07:07:41.989" type="response" statusCode="202" statusText="Accepted" /><!-- duration: 20ms -->
  </step><!-- duration: 1870ms -->
