<step title="BackgroundTrace" date="2025-11-22T18:25:22.755" instance="7d84ad" url="/api/publish" method="POST" >
  <step title="Creating temporary deployment - FetchDeploymentManager" date="2025-11-22T18:25:22.802" /><!-- duration: 1ms -->
  <step title="Creating temporary deployment" date="2025-11-22T18:25:22.809" /><!-- duration: 50ms -->
  <step title="Performing fetch based deployment" date="2025-11-22T18:25:22.881" >
    <step title="Cleaning up temp folders from previous zip deployments and extracting pushed zip file /tmp/zipdeploy/e50577d0-c24e-47a6-b033-410e5e94b30d.zip (0.02 MB) to /tmp/zipdeploy/extracted" date="2025-11-22T18:25:24.012" >
      <step title="ChmodRecursive Process exited with total time taken in ms: 46" date="2025-11-22T18:25:24.083" /><!-- duration: 19ms -->
    </step><!-- duration: 100ms -->
    <step title="Deployment timer started" date="2025-11-22T18:25:26.116" >
      <step title="DeploymentManager.Deploy(id:95649e56-1dac-441c-b774-6fe0bcc9b832)" date="2025-11-22T18:25:26.121" >
        <step title="Collecting changeset information" date="2025-11-22T18:25:26.165" /><!-- duration: 119ms -->
        <step title="Updating submodules" date="2025-11-22T18:25:26.287" /><!-- duration: 1101ms -->
        <step title="Determining deployment builder" date="2025-11-22T18:25:27.586" >
          <step title="Builder is OryxBuilder" date="2025-11-22T18:25:27.601" /><!-- duration: 2ms -->
        </step><!-- duration: 20ms -->
        <step title="PreDeployment: context.CleanOutputPath False" date="2025-11-22T18:25:27.660" >
          <step title="PreDeployment: context.OutputPath /home/site/wwwroot" date="2025-11-22T18:25:27.765" >
            <step title="Building" date="2025-11-22T18:25:27.895" >
              <step title="Executing external process" date="2025-11-22T18:25:28.161" type="process" path="bash" arguments="-c &quot;oryx build /tmp/zipdeploy/extracted -o /home/site/wwwroot --platform python --platform-version 3.11 -p virtualenv_name=antenv --log-file /tmp/build-debug.log  -i /tmp/8de29f482c83401 --compress-destination-dir | tee /tmp/oryx-build.log ; exit $PIPESTATUS &quot;" /><!-- duration: 50485ms -->
              <step title="Using PythonDeploymentLogParser" date="2025-11-22T18:26:19.141" /><!-- duration: 11ms -->
              <step title="Modified file to trigger a restart of the app container." date="2025-11-22T18:26:20.180" /><!-- duration: 2ms -->
              <step title="Skip function trigger and logicapp sync because function is not enabled." date="2025-11-22T18:26:20.185" /><!-- duration: 5ms -->
              <step title="Purge deployment items" date="2025-11-22T18:26:21.495" >
                <step title="Remove 5f29d6c0-, Success, received at 11/22/2025 08:40:42" date="2025-11-22T18:26:21.540" /><!-- duration: 2ms -->
              </step><!-- duration: 50ms -->
            </step><!-- duration: 53710ms -->
          </step><!-- duration: 53842ms -->
          <step title="Cleaning up temp files" date="2025-11-22T18:26:21.608" /><!-- duration: 309ms -->
          <step title="Cleaning up temp files" date="2025-11-22T18:26:21.920" /><!-- duration: 502ms -->
          <step title="Reloading status file with latest updates" date="2025-11-22T18:26:22.440" >
            <step title="WebHooksManager.PublishEventAsync: PostDeployment" date="2025-11-22T18:26:22.443" /><!-- duration: 28ms -->
          </step><!-- duration: 32ms -->
          <step title="Cleaning up temporary deployment - fetch deployment was successful" date="2025-11-22T18:26:22.475" /><!-- duration: 9ms -->
        </step><!-- duration: 54892ms -->
      </step><!-- duration: 56442ms -->
