<step title="Incoming Request" date="2025-11-24T18:40:25.289" instance="7d84ad" url="/api/zipdeploy?isAsync=true" method="POST" type="request" pid="768,1,7" Accept="*/*" Host="quotrading-flask-api.scm.azurewebsites.net" User-Agent="AZURECLI/2.80.0 (MSI)" Accept-Encoding="gzip, deflate" Authorization="Bea..." Cache-Control="no-cache" Content-Type="application/octet-stream" Content-Length="32387" x-ms-client-request-id="01b636c4-c965-11f0-93a0-50bbb5629ee1" x-ms-artifact-checksum="b61552d17753192619941206c863bc2a04a298bde63757e34ccd370ff74d2cdc" X-ARR-LOG-ID="01b636c4-c965-11f0-93a0-50bbb5629ee1" CLIENT-IP="69.120.241.138:50475" X-SITE-DEPLOYMENT-ID="quotrading-flask-api" WAS-DEFAULT-HOSTNAME="quotrading-flask-api.scm.azurewebsites.net" X-Forwarded-Proto="https" X-AppService-Proto="https" X-Forwarded-TlsVersion="1.3" X-WAWS-Unencoded-URL="/api/zipdeploy?isAsync=true" X-Client-IP="69.120.241.138" X-Client-Port="50475" >
  <step title="Cleanup Xml Logs" date="2025-11-24T18:40:25.298" >
    <step title="Cleanup Infos" date="2025-11-24T18:40:25.304" totalFiles="363" totalCleanup="203" /><!-- duration: 3ms -->
  </step><!-- duration: 10ms -->
  <step title="ZipPushDeploy" date="2025-11-24T18:40:25.314" >
    <step title="ZipDeploy. Extract zip. Remote build." date="2025-11-24T18:40:25.319" /><!-- duration: 2ms -->
    <step title="Starting PushDeployAsync" date="2025-11-24T18:40:25.324" /><!-- duration: 2ms -->
    <step title="Writing artifact to /tmp/zipdeploy/602b895f-177a-4510-b873-3e0635ceb245.zip" date="2025-11-24T18:40:25.336" >
      <step title="Writing multipart request body to /tmp/zipdeploy/602b895f-177a-4510-b873-3e0635ceb245.zip" date="2025-11-24T18:40:25.339" /><!-- duration: 7ms -->
    </step><!-- duration: 41ms -->
    <step title="Removing previous build artifact&apos;s manifest file" date="2025-11-24T18:40:25.381" >
      <step title="Start deployment in the background" date="2025-11-24T18:40:25.394" >
        <step title="Acquiring Deployment Lock" date="2025-11-24T18:40:25.405" /><!-- duration: 2ms -->
        <step title="Acquired Deployment Lock" date="2025-11-24T18:40:25.431" /><!-- duration: 2ms -->
      </step><!-- duration: 114ms -->
    </step><!-- duration: 131ms -->
    <step title="Outgoing response" date="2025-11-24T18:40:25.515" type="response" statusCode="202" statusText="Accepted" /><!-- duration: 2ms -->
  </step><!-- duration: 204ms -->
