<step title="Incoming Request" date="2025-11-24T18:16:13.331" instance="7d84ad" url="/api/zipdeploy?isAsync=true" method="POST" type="request" pid="768,1,3" Accept="*/*" Host="quotrading-flask-api.scm.azurewebsites.net" User-Agent="AZURECLI/2.80.0 (MSI)" Accept-Encoding="gzip, deflate" Authorization="Bea..." Cache-Control="no-cache" Content-Type="application/octet-stream" Content-Length="32079" x-ms-client-request-id="a078ec59-c961-11f0-a79b-50bbb5629ee1" x-ms-artifact-checksum="3524ae6c588b9558961007758fb320f1bc080cdcc0eb2e233761bc93713366dd" X-ARR-LOG-ID="a078ec59-c961-11f0-a79b-50bbb5629ee1" CLIENT-IP="69.120.241.138:51178" X-SITE-DEPLOYMENT-ID="quotrading-flask-api" WAS-DEFAULT-HOSTNAME="quotrading-flask-api.scm.azurewebsites.net" X-Forwarded-Proto="https" X-AppService-Proto="https" X-Forwarded-TlsVersion="1.3" X-WAWS-Unencoded-URL="/api/zipdeploy?isAsync=true" X-Client-IP="69.120.241.138" X-Client-Port="51178" >
  <step title="Cleanup Xml Logs" date="2025-11-24T18:16:13.333" >
    <step title="Cleanup Infos" date="2025-11-24T18:16:13.342" totalFiles="352" totalCleanup="192" /><!-- duration: 6ms -->
  </step><!-- duration: 27ms -->
  <step title="ZipPushDeploy" date="2025-11-24T18:16:13.373" >
    <step title="ZipDeploy. Extract zip. Remote build." date="2025-11-24T18:16:13.379" /><!-- duration: 2ms -->
    <step title="Starting PushDeployAsync" date="2025-11-24T18:16:13.384" /><!-- duration: 2ms -->
    <step title="Writing artifact to /tmp/zipdeploy/6db76756-2e48-442b-9d93-3e04eb3ff3ba.zip" date="2025-11-24T18:16:13.608" >
      <step title="Writing multipart request body to /tmp/zipdeploy/6db76756-2e48-442b-9d93-3e04eb3ff3ba.zip" date="2025-11-24T18:16:13.610" /><!-- duration: 2ms -->
    </step><!-- duration: 18ms -->
    <step title="Removing previous build artifact&apos;s manifest file" date="2025-11-24T18:16:13.636" >
      <step title="Start deployment in the background" date="2025-11-24T18:16:13.641" >
        <step title="Acquiring Deployment Lock" date="2025-11-24T18:16:13.651" /><!-- duration: 2ms -->
        <step title="Acquired Deployment Lock" date="2025-11-24T18:16:13.688" /><!-- duration: 2ms -->
      </step><!-- duration: 109ms -->
    </step><!-- duration: 122ms -->
    <step title="Outgoing response" date="2025-11-24T18:16:13.765" type="response" statusCode="202" statusText="Accepted" /><!-- duration: 2ms -->
  </step><!-- duration: 395ms -->
