<step title="Incoming Request" date="2025-11-24T11:11:01.386" instance="7d84ad" url="/api/zipdeploy?isAsync=true" method="POST" type="request" pid="768,1,28" Accept="*/*" Host="quotrading-flask-api.scm.azurewebsites.net" User-Agent="AZURECLI/2.80.0 (MSI)" Accept-Encoding="gzip, deflate" Authorization="Bea..." Cache-Control="no-cache" Content-Type="application/octet-stream" Content-Length="30791" x-ms-client-request-id="38214a3a-c926-11f0-8f7e-50bbb5629ee1" x-ms-artifact-checksum="38b184d73be207d97c3374bd43ab104236b8dcb9713ca04902c3d583b923e384" X-ARR-LOG-ID="38214a3a-c926-11f0-8f7e-50bbb5629ee1" CLIENT-IP="69.120.241.138:58191" X-SITE-DEPLOYMENT-ID="quotrading-flask-api" WAS-DEFAULT-HOSTNAME="quotrading-flask-api.scm.azurewebsites.net" X-Forwarded-Proto="https" X-AppService-Proto="https" X-Forwarded-TlsVersion="1.3" X-WAWS-Unencoded-URL="/api/zipdeploy?isAsync=true" X-Client-IP="69.120.241.138" X-Client-Port="58191" >
  <step title="Cleanup Xml Logs" date="2025-11-24T11:11:01.397" >
    <step title="Cleanup Infos" date="2025-11-24T11:11:01.404" totalFiles="295" totalCleanup="135" /><!-- duration: 12ms -->
  </step><!-- duration: 20ms -->
  <step title="ZipPushDeploy" date="2025-11-24T11:11:01.430" >
    <step title="ZipDeploy. Extract zip. Remote build." date="2025-11-24T11:11:01.436" /><!-- duration: 2ms -->
    <step title="Starting PushDeployAsync" date="2025-11-24T11:11:01.441" /><!-- duration: 2ms -->
    <step title="Writing artifact to /tmp/zipdeploy/f908e245-13e4-41ca-8b06-fa4cac4d40a9.zip" date="2025-11-24T11:11:01.449" >
      <step title="Writing multipart request body to /tmp/zipdeploy/f908e245-13e4-41ca-8b06-fa4cac4d40a9.zip" date="2025-11-24T11:11:01.450" /><!-- duration: 7ms -->
    </step><!-- duration: 70ms -->
    <step title="Removing previous build artifact&apos;s manifest file" date="2025-11-24T11:11:01.524" >
      <step title="Start deployment in the background" date="2025-11-24T11:11:01.539" >
        <step title="Acquiring Deployment Lock" date="2025-11-24T11:11:01.553" /><!-- duration: 2ms -->
        <step title="Acquired Deployment Lock" date="2025-11-24T11:11:01.572" /><!-- duration: 2ms -->
      </step><!-- duration: 98ms -->
    </step><!-- duration: 147ms -->
    <step title="Outgoing response" date="2025-11-24T11:11:01.721" type="response" statusCode="202" statusText="Accepted" /><!-- duration: 2ms -->
  </step><!-- duration: 294ms -->
