<step title="BackgroundTrace" date="2025-11-22T18:59:52.741" instance="7d84ad" url="/api/zipdeploy" method="POST" >
  <step title="Creating temporary deployment - FetchDeploymentManager" date="2025-11-22T18:59:52.820" /><!-- duration: 2ms -->
  <step title="Creating temporary deployment" date="2025-11-22T18:59:52.824" /><!-- duration: 72ms -->
  <step title="Performing fetch based deployment" date="2025-11-22T18:59:52.912" >
    <step title="Cleaning up temp folders from previous zip deployments and extracting pushed zip file /tmp/zipdeploy/741f4a55-b226-4835-abf6-759b7802ff3a.zip (0.07 MB) to /tmp/zipdeploy/extracted" date="2025-11-22T18:59:54.186" >
      <step title="ChmodRecursive Process exited with total time taken in ms: 249" date="2025-11-22T18:59:54.649" /><!-- duration: 9ms -->
    </step><!-- duration: 482ms -->
    <step title="Deployment timer started" date="2025-11-22T18:59:56.717" >
      <step title="DeploymentManager.Deploy(id:685c80c5-b92e-49aa-8bf5-a91db5177397)" date="2025-11-22T18:59:56.739" >
        <step title="Collecting changeset information" date="2025-11-22T18:59:56.775" /><!-- duration: 121ms -->
        <step title="Updating submodules" date="2025-11-22T18:59:56.899" /><!-- duration: 1105ms -->
        <step title="Determining deployment builder" date="2025-11-22T18:59:58.215" >
          <step title="Builder is OryxBuilder" date="2025-11-22T18:59:58.228" /><!-- duration: 2ms -->
        </step><!-- duration: 21ms -->
        <step title="PreDeployment: context.CleanOutputPath False" date="2025-11-22T18:59:58.286" >
          <step title="PreDeployment: context.OutputPath /home/site/wwwroot" date="2025-11-22T18:59:58.594" >
            <step title="Building" date="2025-11-22T18:59:58.732" >
              <step title="Executing external process" date="2025-11-22T18:59:59.059" type="process" path="bash" arguments="-c &quot;oryx build /tmp/zipdeploy/extracted -o /home/site/wwwroot --platform python --platform-version 3.11 -p virtualenv_name=antenv --log-file /tmp/build-debug.log  -i /tmp/8de29f954fa4d64 --compress-destination-dir | tee /tmp/oryx-build.log ; exit $PIPESTATUS &quot;" /><!-- duration: 48543ms -->
              <step title="Using PythonDeploymentLogParser" date="2025-11-22T19:00:47.953" /><!-- duration: 9ms -->
              <step title="Triggering recycle (preview mode disabled)." date="2025-11-22T19:00:48.938" /><!-- duration: 4ms -->
              <step title="Modified file to trigger a restart of the app container." date="2025-11-22T19:00:48.993" /><!-- duration: 2ms -->
              <step title="Skip function trigger and logicapp sync because function is not enabled." date="2025-11-22T19:00:48.998" /><!-- duration: 3ms -->
              <step title="Purge deployment items" date="2025-11-22T19:00:50.693" >
                <step title="Remove 81fdf806-, Success, received at 11/22/2025 08:59:24" date="2025-11-22T19:00:50.751" /><!-- duration: 2ms -->
              </step><!-- duration: 69ms -->
            </step><!-- duration: 52172ms -->
          </step><!-- duration: 52337ms -->
          <step title="Cleaning up temp files" date="2025-11-22T19:00:50.941" /><!-- duration: 380ms -->
          <step title="Cleaning up temp files" date="2025-11-22T19:00:51.324" /><!-- duration: 503ms -->
          <step title="Reloading status file with latest updates" date="2025-11-22T19:00:51.859" >
            <step title="WebHooksManager.PublishEventAsync: PostDeployment" date="2025-11-22T19:00:51.934" /><!-- duration: 95ms -->
          </step><!-- duration: 180ms -->
          <step title="Cleaning up temporary deployment - fetch deployment was successful" date="2025-11-22T19:00:52.050" /><!-- duration: 2ms -->
        </step><!-- duration: 53844ms -->
      </step><!-- duration: 55432ms -->
