<step title="BackgroundTrace" date="2025-11-24T19:46:25.627" instance="7d84ad" url="/api/zipdeploy" method="POST" >
  <step title="Creating temporary deployment - FetchDeploymentManager" date="2025-11-24T19:46:25.685" /><!-- duration: 2ms -->
  <step title="Creating temporary deployment" date="2025-11-24T19:46:25.691" /><!-- duration: 65ms -->
  <step title="Performing fetch based deployment" date="2025-11-24T19:46:25.777" >
    <step title="Cleaning up temp folders from previous zip deployments and extracting pushed zip file /tmp/zipdeploy/b2746b3e-c831-4dc0-a200-37710847040a.zip (0.04 MB) to /tmp/zipdeploy/extracted" date="2025-11-24T19:46:26.934" >
      <step title="ChmodRecursive Process exited with total time taken in ms: 91" date="2025-11-24T19:46:27.095" /><!-- duration: 9ms -->
    </step><!-- duration: 172ms -->
    <step title="Deployment timer started" date="2025-11-24T19:46:29.126" >
      <step title="DeploymentManager.Deploy(id:1702376a-9811-4112-9c01-52ad2bdaacbd)" date="2025-11-24T19:46:29.129" >
        <step title="Collecting changeset information" date="2025-11-24T19:46:29.163" /><!-- duration: 74ms -->
        <step title="Updating submodules" date="2025-11-24T19:46:29.240" /><!-- duration: 1142ms -->
        <step title="Determining deployment builder" date="2025-11-24T19:46:30.583" >
          <step title="Builder is OryxBuilder" date="2025-11-24T19:46:30.598" /><!-- duration: 3ms -->
        </step><!-- duration: 22ms -->
        <step title="PreDeployment: context.CleanOutputPath False" date="2025-11-24T19:46:30.673" >
          <step title="PreDeployment: context.OutputPath /home/site/wwwroot" date="2025-11-24T19:46:30.789" >
            <step title="Building" date="2025-11-24T19:46:30.912" >
              <step title="Executing external process" date="2025-11-24T19:46:31.259" type="process" path="bash" arguments="-c &quot;oryx build /tmp/zipdeploy/extracted -o /home/site/wwwroot --platform python --platform-version 3.11 -p virtualenv_name=antenv --log-file /tmp/build-debug.log  -i /tmp/8de2b922a2e103b --compress-destination-dir | tee /tmp/oryx-build.log ; exit $PIPESTATUS &quot;" /><!-- duration: 87469ms -->
              <step title="Using PythonDeploymentLogParser" date="2025-11-24T19:47:59.277" /><!-- duration: 2ms -->
              <step title="Triggering recycle (preview mode disabled)." date="2025-11-24T19:48:00.551" /><!-- duration: 4ms -->
              <step title="Modified file to trigger a restart of the app container." date="2025-11-24T19:48:00.598" /><!-- duration: 2ms -->
              <step title="Skip function trigger and logicapp sync because function is not enabled." date="2025-11-24T19:48:00.606" /><!-- duration: 18ms -->
              <step title="Purge deployment items" date="2025-11-24T19:48:01.850" >
                <step title="Remove 7323884b-, Success, received at 11/24/2025 17:44:14" date="2025-11-24T19:48:01.969" /><!-- duration: 2ms -->
              </step><!-- duration: 130ms -->
            </step><!-- duration: 91207ms -->
          </step><!-- duration: 91340ms -->
          <step title="Cleaning up temp files" date="2025-11-24T19:48:02.137" /><!-- duration: 1067ms -->
          <step title="Cleaning up temp files" date="2025-11-24T19:48:03.222" /><!-- duration: 541ms -->
          <step title="Reloading status file with latest updates" date="2025-11-24T19:48:03.788" >
            <step title="WebHooksManager.PublishEventAsync: PostDeployment" date="2025-11-24T19:48:03.799" /><!-- duration: 49ms -->
          </step><!-- duration: 62ms -->
          <step title="Cleaning up temporary deployment - fetch deployment was successful" date="2025-11-24T19:48:03.854" /><!-- duration: 3ms -->
        </step><!-- duration: 93230ms -->
      </step><!-- duration: 94782ms -->
