﻿<?xml version="1.0" encoding="utf-8"?>
<deployment>
  <id>e34f9523-8dc4-4b17-8fef-81d3dbb0e7a6</id>
  <author>N/A</author>
  <deployer>Push-Deployer</deployer>
  <authorEmail>N/A</authorEmail>
  <message>Created via a push deployment</message>
  <progress></progress>
  <status>Success</status>
  <statusText></statusText>
  <lastSuccessEndTime>2025-12-21T03:26:06.7159074Z</lastSuccessEndTime>
  <receivedTime>2025-12-21T03:24:47.4033421Z</receivedTime>
  <startTime>2025-12-21T03:24:48.8148462Z</startTime>
  <endTime>2025-12-21T03:26:06.7159074Z</endTime>
  <complete>True</complete>
  <is_temp>False</is_temp>
  <is_readonly>True</is_readonly>
  <buildSummary />
</deployment>