﻿<?xml version="1.0" encoding="utf-8"?>
<deployment>
  <id>65805c96-49c7-4fd9-9a38-abdbbb46addc</id>
  <author>N/A</author>
  <deployer>Push-Deployer</deployer>
  <authorEmail>N/A</authorEmail>
  <message>Created via a push deployment</message>
  <progress></progress>
  <status>Success</status>
  <statusText></statusText>
  <lastSuccessEndTime>2025-12-27T21:05:33.0271035Z</lastSuccessEndTime>
  <receivedTime>2025-12-27T21:04:19.5801471Z</receivedTime>
  <startTime>2025-12-27T21:04:20.9437727Z</startTime>
  <endTime>2025-12-27T21:05:33.0271035Z</endTime>
  <complete>True</complete>
  <is_temp>False</is_temp>
  <is_readonly>True</is_readonly>
  <buildSummary />
</deployment>