﻿<?xml version="1.0" encoding="utf-8"?>
<deployment>
  <id>7e345388-3026-487a-a46c-334d4487a1e8</id>
  <author>N/A</author>
  <deployer>Push-Deployer</deployer>
  <authorEmail>N/A</authorEmail>
  <message>Created via a push deployment</message>
  <progress></progress>
  <status>Success</status>
  <statusText></statusText>
  <lastSuccessEndTime>2025-12-27T21:22:40.5484507Z</lastSuccessEndTime>
  <receivedTime>2025-12-27T21:21:19.4268307Z</receivedTime>
  <startTime>2025-12-27T21:21:20.8863034Z</startTime>
  <endTime>2025-12-27T21:22:40.5484507Z</endTime>
  <complete>True</complete>
  <is_temp>False</is_temp>
  <is_readonly>True</is_readonly>
  <buildSummary />
</deployment>