﻿<?xml version="1.0" encoding="utf-8"?>
<deployment>
  <id>06cb0f62-327e-426f-a494-70aded831293</id>
  <author>N/A</author>
  <deployer>Push-Deployer</deployer>
  <authorEmail>N/A</authorEmail>
  <message>Created via a push deployment</message>
  <progress></progress>
  <status>Success</status>
  <statusText></statusText>
  <lastSuccessEndTime>2025-12-29T00:03:22.6507923Z</lastSuccessEndTime>
  <receivedTime>2025-12-29T00:01:58.9157932Z</receivedTime>
  <startTime>2025-12-29T00:02:00.3859799Z</startTime>
  <endTime>2025-12-29T00:03:22.6507923Z</endTime>
  <complete>True</complete>
  <is_temp>False</is_temp>
  <is_readonly>True</is_readonly>
  <buildSummary />
</deployment>