﻿<?xml version="1.0" encoding="utf-8"?>
<deployment>
  <id>494765a1-19eb-45d4-8ecf-c433a879c4a8</id>
  <author>N/A</author>
  <deployer>Push-Deployer</deployer>
  <authorEmail>N/A</authorEmail>
  <message>Created via a push deployment</message>
  <progress></progress>
  <status>Success</status>
  <statusText></statusText>
  <lastSuccessEndTime>2025-12-28T03:09:41.4262709Z</lastSuccessEndTime>
  <receivedTime>2025-12-28T03:08:27.6800808Z</receivedTime>
  <startTime>2025-12-28T03:08:29.037747Z</startTime>
  <endTime>2025-12-28T03:09:41.4262709Z</endTime>
  <complete>True</complete>
  <is_temp>False</is_temp>
  <is_readonly>True</is_readonly>
  <buildSummary />
</deployment>